src_ip_type,protocol,packet_size,connection_duration,port_number,data_transferred,label
internal,ICMP,677.5027809955307,24.622525594093332,3389,18449.727413625256,0
external,TCP,298.73545435139573,299.4956253739776,443,6354.80442575315,0
internal,TCP,614.5869673706975,154.33927818755862,80,6972.56037339287,0
internal,ICMP,3913.6530975805917,9.366363864100695,22,1332.0465390816314,0
internal,TCP,678.4912926673597,54.056477403338974,9999,4867.443899764866,0
external,ICMP,398.6160321004998,211.29429601408535,8080,10310.429336531297,0
internal,UDP,1003.4862739576596,289.5561603120832,8080,15159.465499815002,0
internal,TCP,274.62846771560294,62.99874431013923,22,2448.896655144795,0
internal,UDP,78.89530497623504,95.03941725764365,9999,1482.945760095459,0
external,ICMP,137.97521971241585,18.276238925679856,22,10877.969988329842,0
internal,UDP,137.01842406700712,472.9444686092813,80,18.816527235502043,0
internal,UDP,164.75990155667296,26.35381650176833,443,1964.6825226254532,0
internal,ICMP,149.46006606751655,286.0009331493888,8080,295.0232559065282,0
internal,UDP,1024.0840510758064,104.881305946856,80,1825.8373258486909,0
external,UDP,57365.15221394852,93.5822222872194,443,855861.4028730243,1
internal,ICMP,424.1393157948052,71.88517525924412,80,4904.897967349374,0
external,UDP,2270.9741251283576,26.223502805196265,9999,5147.117059561076,0
external,ICMP,642.3811416465936,19.422577002336727,8080,20735.586447826703,0
external,UDP,1101.2890836523804,24.908489862050676,22,7135.738160063239,0
internal,ICMP,189.12851711321647,20.633346355455018,22,12852.000891561818,0
external,ICMP,213.55098099509507,151.22407575727965,443,1099.6817900936512,0
internal,UDP,41.72721271756531,43.097564107307434,3389,2554.5854602651725,0
external,UDP,185.0473440655809,5.958300833276848,9999,12138.327238945392,0
external,UDP,326.54811863114554,347.70842165267743,443,542.4919609902582,0
external,TCP,194.81181748310794,215.23209700260003,3389,6666.954570762143,0
external,TCP,85386.06751337637,262.76545538067546,80,975714.9051809162,1
external,TCP,128.55621349335252,528.0049769049707,9999,9216.692805003726,0
external,ICMP,617.6293433653791,19.103369657618533,80,231.99858851571162,0
external,UDP,231.09220634509657,50.45818548938807,8080,3887.6730200419397,0
external,ICMP,452.9811155109185,141.98034754812707,9999,10119.502630797488,0
internal,TCP,700.0051847143304,119.07954024213375,3389,1613.4284036091844,0
internal,UDP,1172.4574340125423,16.711288479350685,8080,11888.072132092591,0
external,ICMP,40.10573010001543,169.19130029863152,22,13701.266018170509,0
external,UDP,1606.4942438261196,25.41706672405863,3389,40156.73342394719,0
external,ICMP,988.5936903672964,25.336775396964306,443,2355.223470088314,0
internal,UDP,85.29543037633427,76.9972984290837,22,17437.162563350834,0
external,TCP,2068.1346984880906,89.8794524186919,22,7345.872346201837,0
internal,TCP,2536.6935463789277,86.77058455294674,443,4675.468035457555,0
internal,UDP,63.02282756016341,9.594590297101375,9999,1305.378860112672,0
internal,ICMP,95874.29215659952,209.93248112914236,22,926892.4608523336,1
internal,TCP,1640.9351832266425,30.870149766701555,3389,2690.0111862842186,0
internal,TCP,1379.3572402143084,13.870466096940032,8080,4642.95156620106,0
external,TCP,203.9796320618005,219.59580984800334,22,645.8356417585326,0
external,UDP,234.89903118153325,311.5676352753279,3389,16162.95954233655,0
external,UDP,462.7851100243697,198.14267844749622,80,14549.52391408028,0
external,ICMP,662.6625646686144,165.81874697336124,3389,13228.15764162217,0
external,ICMP,963.001834058552,106.491250119862,8080,3558.802747603489,0
internal,ICMP,460.3125630003512,80.04147815698988,3389,1905.3125344053049,0
external,UDP,620.8911092209177,9.100489675235082,443,10148.777519532276,0
external,UDP,1376.2289403898424,52.50144999102648,8080,6855.091926235199,0
internal,ICMP,37.372952321478465,46.63120786306161,9999,1963.2206845587268,0
external,ICMP,290.9366218823972,30.077242347628445,80,11580.797567167201,0
internal,UDP,1249.4918749560259,128.52555799970685,443,47246.78288613939,0
external,ICMP,2255.7667543306134,68.49324839176536,9999,13752.341028682042,0
internal,TCP,716.7791122084009,8.451944723555854,3389,13470.212904357957,0
external,UDP,759.5295023530689,24.869626118041648,8080,30020.069770075454,0
external,ICMP,113.36133854066338,114.9670127597249,80,2268.2076344784573,0
internal,UDP,593.1432460835508,7.918484019491231,443,8336.743349544702,0
internal,TCP,760.6067990552899,190.51986230442049,9999,38945.12956724497,0
internal,UDP,277.6928032606533,68.34870443120784,9999,1806.7584488517866,0
internal,UDP,313.67461187854383,65.50551374355909,80,12048.13022025057,0
internal,UDP,73499.41340789683,89.74880765880748,3389,980313.4877565999,1
internal,UDP,20.275360750314515,174.11479129444766,80,8830.472027705562,0
internal,TCP,388.72476125613576,42.74181339452152,9999,11962.382185693576,0
internal,UDP,237.55693562362987,113.32538979228511,22,26538.024264713436,0
external,UDP,396.74923023198266,83.40933410349736,443,15259.332343845175,0
external,ICMP,127.56310328478126,31.064814560107074,80,577.7330057886936,0
internal,UDP,2212.079899943025,210.89114354403586,9999,19154.741967970847,0
external,ICMP,900.3988138795597,159.66501337527325,3389,2555.9098391349494,0
external,TCP,1136.6329578930317,107.42665693848761,9999,4730.709923759114,0
external,TCP,1556.7090323777913,190.10057185416065,3389,6194.002131264395,0
external,TCP,690.0364218488851,201.96206382205298,80,6556.702961330686,0
internal,TCP,90.93209451745585,123.22453209093109,3389,5712.488895372757,0
external,ICMP,770.2583632948225,181.40868506209324,8080,27702.441802813126,0
internal,UDP,883.9230578713735,119.55796643719839,8080,12242.401656519318,0
external,TCP,1368.2166488084092,113.9874291728865,8080,9974.211970742057,0
external,UDP,565.0346493829821,96.39364190221882,22,511.27021667353404,0
external,ICMP,97896.70605283852,139.72203916260642,80,796780.467689393,1
internal,ICMP,333.7621802617039,17.2694175461279,9999,24011.928158144925,0
external,ICMP,63735.1907523946,212.75463180521533,9999,953949.3968898098,1
internal,TCP,1038.2246116218616,205.45033221429355,22,70.54025050826498,0
external,UDP,845.7817212014196,2.9683511543022014,3389,589.8623148115015,0
internal,UDP,440.2067596518062,174.76473762753136,22,2551.8093938404163,0
external,UDP,4306.195772169813,13.796390740375564,3389,1408.1431529198198,0
internal,ICMP,930.8330084672093,40.81469825093086,3389,5088.875525460925,0
internal,TCP,270.79452875679993,136.06588031607416,443,25590.664508808695,0
external,ICMP,107.34300462488686,17.525843472956318,9999,6387.734605332093,0
internal,ICMP,165.88829258982588,170.35674221585722,8080,134.93252290406673,0
external,UDP,282.30684939514094,178.4590297012224,3389,3323.2481448903377,0
external,ICMP,175.16487495429402,70.8195305309597,443,456.19848726012793,0
external,UDP,206.4917454545804,0.6406348617415167,9999,369.6239259785021,0
external,TCP,335.60584821544654,33.83273427118551,8080,3225.770182014619,0
external,UDP,190.402433662887,95.95294943637384,3389,3224.2858608169813,0
external,TCP,2270.751449355915,397.3163467974408,3389,15470.57668396873,0
external,UDP,83.63571259200016,99.91657490890634,22,36822.87341158237,0
external,ICMP,743.4123501127027,30.083969701011704,22,4639.53319562455,0
external,ICMP,528.3055564893024,100.51375279415504,9999,5601.679783713211,0
external,TCP,4038.6421660159203,77.64970067776713,8080,18629.726083819594,0
external,TCP,118.8273456974049,151.34252301294654,3389,3121.6470122083324,0
internal,TCP,507.2579937424304,11.314701729582906,9999,1700.552616241693,0
internal,UDP,3489.0596641267152,143.14084807364827,9999,19179.325611536995,0
external,UDP,2006.2440619681547,77.92860190698894,80,476.1646898124991,0
external,TCP,1698.6630340361794,329.66212777676657,22,9667.933920516773,0
external,ICMP,298.27508353350464,41.83560899891112,8080,8255.200387545643,0
external,UDP,187.39953278648755,100.13636973450231,3389,4245.262950168055,0
external,UDP,1104.5595986817837,268.86609755685515,9999,3786.131521358152,0
external,UDP,2650.3850949599555,10.815299766527462,3389,14777.858366643724,0
external,TCP,813.6504219047422,276.8253926838768,80,903.8937866843592,0
external,TCP,847.7275614585865,116.4385883557969,8080,2702.145999810218,0
internal,TCP,328.4750308106508,7.02476502911083,9999,13184.44074329833,0
external,TCP,1467.4737584120885,35.80524164282398,3389,7947.826068228696,0
internal,TCP,207.07798214607084,123.15909951213125,22,1369.523328407144,0
external,ICMP,391.08781311923264,6.972592739476132,80,21382.205890145648,0
external,ICMP,554.1445500698305,87.26817290949637,8080,4999.645634683068,0
internal,TCP,708.4849626446985,42.446913151136116,80,17594.958350758225,0
external,UDP,277.6125835696058,96.99961904748348,22,15498.162193953856,0
internal,TCP,121.98327214413544,4.682123927795485,8080,9792.982828028527,0
external,ICMP,943.1996574293565,205.21128448769127,80,6821.699144033885,0
external,ICMP,340.5633684365418,363.0194375144341,443,38898.13491800166,0
internal,UDP,870.4530682924436,346.9835664491751,22,1566.1295986199907,0
external,ICMP,167.6647527706798,138.490265696123,22,12915.506237178302,0
internal,TCP,656.1213780285276,13.936119883380577,22,2121.921146367061,0
external,UDP,760.5472481290778,141.990573116036,443,4128.872421244458,0
internal,TCP,53.21465145712133,2.489422228251131,443,3691.7957825909275,0
internal,TCP,410.3836013804232,2.2371947734473863,3389,29381.426100025576,0
external,UDP,144.34932683193162,39.09857702172302,9999,34220.99653667242,0
external,TCP,65.47225877252488,67.068767492168,80,2021.3508789288662,0
internal,ICMP,4601.201311395324,147.14489225838568,3389,222.81560818022385,0
external,TCP,389.13002251942027,114.97857268908189,80,12729.943893076628,0
external,UDP,1660.0706137698987,59.041498739570855,9999,5412.675356450875,0
external,UDP,81797.73535818642,31.969116255840703,443,604592.7327039639,1
internal,UDP,1144.1413510203515,585.152876165698,9999,11512.352210864694,0
internal,TCP,1428.0662228282085,55.544179011003415,443,7876.898171744609,0
internal,UDP,905.4465941691398,60.03620484245429,9999,39382.03852446895,0
internal,UDP,637.8566440452718,17.86767924545557,3389,2580.0611961163772,0
internal,TCP,530.7578135053777,158.38167006373084,8080,5174.774923482576,0
internal,ICMP,429.0433017039748,118.31322380365738,3389,7820.7851598988045,0
internal,TCP,2652.5560482207807,24.944852945317596,80,15687.75875282431,0
internal,UDP,1775.6070711417979,8.59730569023787,3389,7959.302578233708,0
internal,UDP,3353.1763894156916,114.09958207372404,22,9490.726369551936,0
external,TCP,132.72854183610556,106.2795094423143,80,2563.7341257692215,0
internal,ICMP,1312.5513634605074,31.918584867373966,9999,18767.863096569574,0
external,UDP,2786.1272652612406,301.31544063851095,80,5597.192504858204,0
external,UDP,199.9558097007977,16.376428319465084,8080,1519.3935870973328,0
external,UDP,68.81031747249688,56.622347250341164,443,10912.035448297376,0
internal,TCP,72383.67127052092,287.55684327996545,9999,629770.8915880452,1
internal,UDP,854.4271441986697,54.425714269355005,80,1026.5585459696952,0
internal,ICMP,1844.0771413214777,101.75650177301027,9999,19804.06731688779,0
internal,UDP,150.5582464141926,50.682430300913964,9999,6164.86674373328,0
external,UDP,1586.050111031868,32.05017300668813,9999,13834.333086197428,0
internal,ICMP,225.17977306702295,413.3770529131774,443,3433.1820057753353,0
internal,UDP,178.715198965518,52.65045758454232,3389,15463.229114472984,0
internal,TCP,179.44465655995072,224.52525068481322,9999,1187.1138433792662,0
internal,TCP,1685.1032825640086,26.130581248389046,22,4400.152086934174,0
internal,TCP,1094.213639015969,23.96600813788579,8080,38195.26688713557,0
external,ICMP,740.3759563460444,3.1629049095555,443,15798.29190894885,0
internal,UDP,444.4614016780681,105.45958588759896,80,6876.740461516823,0
external,TCP,2097.2026672943325,45.96990541722013,443,4151.783364886013,0
internal,ICMP,498.31274969744493,199.77380588267937,80,20567.857338514383,0
external,UDP,1696.0826628480697,64.09531147028137,443,7871.2332057710355,0
internal,ICMP,578.2748811138804,344.8082341200801,80,14205.753690659742,0
internal,TCP,473.1195658177371,20.52121782608384,9999,14028.61563741723,0
external,TCP,621.1610598996026,202.96855047299104,3389,181.08655017579048,0
external,TCP,358.6452754306421,149.87773046742976,80,1349.6531481987045,0
external,ICMP,1376.7773129369393,147.36920438900364,80,10777.201562592349,0
internal,ICMP,94507.05686980073,186.2932610814589,22,598462.8522267141,1
external,TCP,264.2425309970652,143.1392112603727,80,2950.3348755028524,0
internal,ICMP,2298.3398495505835,98.40887504235639,22,29306.5553852214,0
internal,TCP,484.33174235871127,14.069398592758247,8080,8213.948614634604,0
external,TCP,784.2823821777635,3.306691334998571,9999,13892.16654861371,0
external,UDP,2369.4956087096266,253.6383301814264,22,8164.01820439065,0
internal,ICMP,978.7993038573308,95.88076894307802,3389,8041.091658255245,0
internal,TCP,124.31461585777976,159.22725389316395,9999,988.836582179654,0
external,TCP,2810.616683932209,65.68583602697946,22,4210.811958952715,0
external,ICMP,988.0769289348262,12.477916417400802,9999,3318.8602753486725,0
external,UDP,407.8263155513094,13.37437491163384,9999,4954.9107724041805,0
internal,UDP,149.9768206164258,115.69788149447113,9999,16011.929369738313,0
internal,TCP,1580.001395680267,56.26557199241903,8080,4651.079015683468,0
internal,ICMP,967.7755075628523,22.37996748916361,3389,6009.268954430238,0
internal,UDP,762.4138580490281,67.6476013409331,443,5064.707707271251,0
internal,ICMP,2243.303330536445,6.636305079345966,443,980.6273378042418,0
internal,ICMP,1553.990013696072,87.22054323249506,22,5817.348986865038,0
external,TCP,164.49132012634087,31.33327966124574,9999,2176.7014905226865,0
internal,UDP,373.5625513958005,159.7307290031962,22,2066.8387773745903,0
internal,TCP,285.66961854883795,37.15883971801938,8080,987.5582410215218,0
internal,UDP,1362.3680618684116,60.73735091953125,8080,4410.989813308781,0
external,UDP,34.107539857837935,1.1688586050930903,80,14166.788694953371,0
internal,UDP,843.713556386143,7.520522230669786,8080,3235.7414263133187,0
internal,UDP,1437.413715859779,49.83924970857172,80,3744.7398535888856,0
external,UDP,2093.667344385938,65.38088487800127,3389,10291.085891587976,0
internal,ICMP,418.6745935450927,91.63421034919133,22,2179.580351065772,0
internal,TCP,1721.8079635410031,34.48347150744582,3389,22726.17931652471,0
internal,ICMP,117.24388509877734,118.73841143891859,8080,7343.661773158989,0
internal,UDP,1873.7439572116875,196.69875044031022,3389,5934.881802711173,0
internal,TCP,136.37963052807083,151.34506386975707,3389,8160.3867403735685,0
external,UDP,506.31463120986433,4.0425016397703155,3389,1815.6302065468096,0
external,TCP,1596.00536332649,65.49018415021082,8080,9505.53914376528,0
external,ICMP,162.42178992041616,11.085355080954614,9999,4511.437781983739,0
internal,TCP,260.39302244475095,27.71312827847182,3389,22748.370647935284,0
internal,TCP,1281.0430976449054,431.71826552294334,80,1849.500562872376,0
internal,TCP,1273.0961719916947,15.372890217305862,8080,7073.497692686778,0
external,TCP,1024.8442087373908,69.09259562090074,3389,9115.834021785264,0
internal,TCP,1184.001709087617,96.27424349612865,9999,339.535548758049,0
internal,UDP,782.4691011956381,121.22233148577382,8080,4520.743237666243,0
external,TCP,290.0836992594099,82.01824240381106,443,13191.413907631935,0
internal,TCP,424.1831937932634,0.9818895384563227,9999,17168.978940344423,0
external,ICMP,200.40127451653183,39.520983599786014,80,3756.5681488133046,0
external,TCP,2390.876139323652,72.92130935726833,3389,16024.288949991364,0
external,ICMP,875.6090546365986,9.196891710405072,443,34344.19488111305,0
internal,UDP,512.2456594790224,43.17478910836826,443,19440.294711648014,0
internal,TCP,619.9075063211633,3.3766845705524053,8080,1251.5966287396338,0
internal,ICMP,2942.823736997211,8.183768960808726,443,13460.370011842206,0
internal,ICMP,166.46955012850069,50.57108535355949,80,3851.7264850610245,0
internal,UDP,882.444609108554,14.238850592466138,80,44581.29529326464,0
internal,TCP,704.9944407931773,83.82674039181207,22,6642.856760533617,0
internal,TCP,945.3443180030728,116.9458563158434,80,1306.029969737606,0
external,ICMP,18.276180406497236,161.23757191107592,9999,12916.591291412149,0
internal,TCP,83981.01663675539,22.33313742578472,443,595053.8248918639,1
external,ICMP,2689.9885366912517,18.330113513507694,80,58355.407253675476,0
internal,TCP,832.7154639433977,11.044881728507567,8080,39012.04628392631,0
internal,ICMP,1192.8707405259581,101.17841147041304,22,10675.032847867047,0
internal,TCP,2557.4693578456263,122.57949395115995,443,1390.626032642448,0
external,UDP,1228.3974533925182,3.2095746736032114,22,11611.080901389289,0
external,TCP,165.5105091241217,275.21940544489087,443,976.4644184649378,0
external,TCP,858.7021498525602,5.337048567900803,8080,298.03916154969477,0
external,UDP,933.220857034015,77.9350888095622,22,17313.708068515454,0
internal,TCP,551.8745039228211,123.46400040612392,3389,2354.0965795813268,0
external,UDP,1333.490303883392,204.77035524547608,9999,4764.678795149574,0
internal,TCP,2723.6768857624747,125.20674728720263,9999,36290.03911890568,0
internal,ICMP,2597.876213054117,161.8115872596726,443,4107.3974738343595,0
external,ICMP,599.3642963036176,41.46827491464336,3389,3516.7287699419044,0
external,TCP,120.17870455178418,168.64545693479235,22,25035.758350551212,0
external,TCP,4189.173989120706,8.350644975816266,3389,1173.7511984917792,0
external,TCP,1825.7181108184427,225.20503187852162,3389,14253.779097575225,0
external,ICMP,133.1459597170634,79.31716828789294,22,44283.27498556762,0
external,TCP,2536.307940963276,169.98976096655187,8080,23156.29915676078,0
external,ICMP,2039.4239312268635,60.20609719350464,3389,10545.989976303099,0
external,UDP,731.5513859686492,103.16390017200887,3389,3769.66277621837,0
internal,ICMP,894.7137868290748,74.73978139587696,8080,2934.6138210745203,0
external,ICMP,509.1648434090136,131.52378349869207,3389,17106.686610611065,0
external,UDP,56.31814924329379,8.515489988895617,3389,21187.80585912068,0
internal,ICMP,408.2648863007411,6.225003131901508,3389,7453.5649972947285,0
external,TCP,1623.8079110661788,28.38271575399164,9999,2801.6366105364013,0
internal,TCP,62995.248962141646,17.381148651515005,80,990596.264582058,1
internal,ICMP,405.7138965901687,205.40355570023982,8080,912.1598707619602,0
external,TCP,507.77809485467816,24.745415818055395,3389,12696.7626099565,0
internal,ICMP,770.8830241238818,372.41028094340936,9999,5449.318995819615,0
internal,TCP,2523.9254761530415,41.08231243314293,8080,23576.737308880187,0
internal,TCP,425.17711089079006,20.103710397885287,443,13458.102184559197,0
internal,ICMP,426.1064859584953,155.92130975943473,443,2122.7831475180133,0
external,TCP,1337.5089516655655,107.50162053415187,3389,9513.41440515005,0
internal,ICMP,601.8777734923394,68.95451087234338,9999,5718.245577919078,0
external,TCP,254.38247370272538,81.04982991156207,9999,8609.736543464369,0
internal,TCP,81120.68207829984,127.01189397289663,8080,773288.5710161475,1
internal,UDP,151.81992193138706,25.935994568670672,8080,16409.073259009223,0
internal,UDP,194.05450320809675,560.8631232047704,9999,18562.168826579808,0
internal,ICMP,689.8880428028177,368.0639977890095,8080,2929.9599914718306,0
external,UDP,542.8762162560071,105.07530901325568,9999,316.099723682902,0
external,ICMP,2463.2927352528127,22.257177846889334,80,13443.647632514809,0
internal,UDP,450.03458303972826,114.01477952753687,9999,1124.3405901093884,0
internal,TCP,868.9023837852719,7.493737183429329,443,3782.190587232693,0
external,ICMP,1000.3907725178481,3.1132116523619477,8080,38.244379732470215,0
internal,ICMP,13.180944825659227,29.797875313889655,9999,11446.650724493273,0
internal,TCP,1089.268197035989,62.105530187343895,9999,1828.8012653045382,0
internal,ICMP,196.0586401992482,202.70199251908406,8080,10650.297759857647,0
external,ICMP,3245.9982722724267,129.8902978817889,80,47966.47590062952,0
external,UDP,160.9469043101801,135.7537904749322,80,754.4672962359814,0
external,ICMP,535.5011145366069,55.42435794074139,8080,802.105680420489,0
internal,TCP,89.21343765050312,42.45485326894826,22,4160.9150783441255,0
internal,UDP,5768.081615150759,46.36856505472971,8080,20128.040817413454,0
external,UDP,697.5468656582261,439.40638915165044,8080,2427.4678120032254,0
external,TCP,904.8193240889457,4.093574204392867,80,4468.776205910047,0
external,TCP,69.43205082825416,201.76429917557388,80,709.6489317309749,0
external,UDP,1386.136255215999,86.43517413526625,8080,14403.50589988116,0
internal,ICMP,235.6028382502632,57.734908103465955,8080,5247.662489098438,0
external,UDP,2283.3148568116303,129.19215674888704,8080,14239.909658498065,0
internal,TCP,229.58882816083334,66.6834303599214,80,23393.30453568656,0
external,UDP,211.57042980881585,206.69063412677667,8080,2649.597209843184,0
internal,TCP,37.23434185767216,230.96284796203744,8080,16471.19168926834,0
external,UDP,638.7857932954639,54.76987013540248,3389,609.1192129112097,0
external,ICMP,832.0441036761805,32.41079070851419,22,22911.2489444863,0
external,UDP,67.96694017915647,89.73471219409093,443,10520.203890806157,0
external,UDP,1494.0025935983722,243.4555939523599,22,20732.74390815202,0
internal,TCP,603.8346502936217,23.656089895002456,3389,1.884173060077152,0
external,TCP,743.1576545925968,97.54214576995756,443,1852.2304647417857,0
internal,TCP,581.1814717875803,99.84780002255434,8080,4939.019527466683,0
internal,UDP,512.0982012749214,132.09300151268556,3389,4772.343534374126,0
internal,ICMP,820.1634571378747,14.106562970266042,8080,2571.2749809571083,0
internal,TCP,168.70300676095547,125.81649091271099,80,4806.390895719053,0
external,TCP,200.8050862086255,239.7253206289245,9999,1379.3962260918438,0
internal,UDP,1978.9493282961403,19.806456078014456,3389,5323.236071186969,0
internal,TCP,2920.9117092646857,27.120959168716197,80,16212.793926377526,0
internal,ICMP,467.30218747513857,355.4177038861512,3389,6521.397243971981,0
external,ICMP,315.73136569266603,19.96430547551579,3389,181.64061203250608,0
external,TCP,1032.8232650944572,192.6789767756658,80,5472.200068263791,0
external,TCP,525.4895676072463,67.7820942553549,443,275.5108562761828,0
external,UDP,25.71414873264703,28.399696999437047,22,33885.796424030275,0
internal,ICMP,169.78360329951062,204.6006001744849,8080,1363.3985772798915,0
internal,ICMP,78914.91997101804,58.933732555995576,3389,521949.9713215026,1
external,TCP,1075.6497823175357,72.32298691011181,8080,36036.6820242123,0
internal,UDP,27.4698578844401,44.50899591778079,9999,17489.24439822237,0
internal,ICMP,250.992973866705,89.88213426850785,80,12016.933214096382,0
internal,ICMP,262.761578950931,17.855729761763136,8080,18292.17811554296,0
external,UDP,1114.4147228278518,49.60709063634736,80,40062.618886101896,0
external,UDP,19.907381292139405,348.71580418211437,8080,9711.28450987375,0
internal,ICMP,109.93605860137282,29.85858804240062,22,8191.295544718216,0
external,ICMP,53110.16130823514,106.92573845171027,22,997409.6469829755,1
external,UDP,196.67770945178535,39.332420438892704,22,7607.322294120064,0
external,ICMP,1057.6990889205767,148.48916907071649,22,10081.02080983246,0
external,TCP,272.04862220899525,14.026677961013675,22,5975.501473066584,0
external,TCP,104.74003348487132,350.06104544244,22,2464.674291187943,0
internal,UDP,278.61951641144725,60.47509221647378,80,1281.1435019851294,0
external,UDP,1281.0948130970319,26.925354349772025,3389,707.8834187851775,0
internal,UDP,1935.8363374539297,7.633772255593707,8080,3055.959504627535,0
internal,TCP,1773.2509999755644,18.603794010459392,22,472.21138287097216,0
external,ICMP,506.14248947508844,73.34983454295815,80,8374.120396793574,0
internal,TCP,1102.876778404595,41.098507980516665,80,3338.3554159161704,0
internal,ICMP,229.3934103289808,176.54098841221574,80,17403.145924257824,0
internal,TCP,346.9335886125168,56.36771906855924,3389,771.4120019125371,0
external,ICMP,2266.5986286309044,28.5969236975851,8080,2566.3763559551394,0
external,TCP,13.087188396285002,96.00989165734678,3389,13102.453916841587,0
internal,UDP,89.38713963044913,122.68226069593449,443,9133.159020301311,0
external,TCP,233.05028023981518,18.277194768584682,80,666.6480273874571,0
external,ICMP,26.890535224316885,18.34652701307607,443,20975.19627296752,0
external,TCP,200.20300329027276,3.7360728009482735,9999,20977.013444037733,0
external,TCP,874.7687287443666,133.33301207898342,22,4010.867130978068,0
internal,TCP,56713.742545113775,109.0062525147099,22,718497.9428328105,1
internal,UDP,2231.8630208218274,64.36541696352927,3389,45124.41366864304,0
external,TCP,1700.6959030194785,185.89924906761502,8080,9839.706395855907,0
external,UDP,418.27280516903204,163.81983211693515,443,7578.276223129634,0
internal,UDP,300.3262521472785,88.03310136359215,8080,18210.987899083328,0
internal,TCP,477.5398081085377,202.70106265290028,3389,3358.788863885267,0
external,TCP,892.3177501433053,23.047185037057353,22,5606.858987434353,0
internal,TCP,312.0617098152729,11.869302139028457,8080,3116.697234200546,0
external,ICMP,978.5622455470876,31.43678057281079,8080,15566.597423168494,0
external,TCP,526.6360392798111,5.878110672996271,22,8517.897402733503,0
internal,UDP,803.0673665148445,75.75140428339438,443,10753.59942441832,0
internal,TCP,572.925395091112,275.83812054019666,22,2907.6314721079266,0
external,ICMP,75030.17855773537,4.013841640938224,8080,990588.9183811473,1
external,TCP,2965.2672211522035,13.023387998311675,443,6701.6261899600195,0
internal,ICMP,1442.2545037326363,60.18432483019309,443,13377.547010585711,0
external,ICMP,150.95449812302087,271.62086538759945,22,7449.453550520307,0
internal,TCP,2028.5049277193239,38.0025611056787,8080,331.904365218015,0
external,UDP,668.3203296619165,70.77225037713451,3389,20291.401871361784,0
internal,ICMP,89066.09278736525,4.24617330010517,8080,716408.0011047346,1
internal,TCP,1608.7144539299004,16.05716513364189,80,31195.845737083324,0
internal,TCP,553.7566192586073,431.4751084533379,9999,254.63416817841798,0
external,UDP,22.725589477540115,335.5804307819909,3389,11856.433404608795,0
external,ICMP,312.9005477764867,0.4952222973827616,443,857.8347340292953,0
internal,ICMP,780.0877556797963,303.26407986788155,3389,24154.915571225203,0
external,TCP,1003.6973319345364,101.92096135685009,443,6244.297212831349,0
internal,TCP,298.2546799289389,202.43345669765108,443,1479.476954617792,0
internal,UDP,57348.135479410485,60.64922690920095,3389,582874.8899100779,1
external,UDP,1801.3870871623917,72.4836068697771,443,1801.1360652722585,0
external,ICMP,4160.6241631872335,67.108549950886,443,1870.3092233736663,0
internal,ICMP,76482.98619728099,109.92052370655834,80,536540.7810135075,1
external,TCP,188.35486366007393,15.041745420945718,8080,5892.307091449376,0
external,ICMP,317.87647172893287,3.043198091997127,8080,15549.604464563437,0
internal,UDP,18.56188741076601,36.80680880137809,9999,10205.561839377111,0
internal,UDP,50392.07953859584,121.96983475408393,9999,990571.8658959109,1
external,TCP,125.281043846203,22.546305443661037,80,1412.1044519185948,0
internal,UDP,859.2406688681559,111.91184093319791,9999,2668.1393042395725,0
internal,UDP,320.2813286027929,350.363039022921,3389,15452.916642619326,0
external,UDP,807.8355154069853,9.860639372178696,22,35324.299263703455,0
internal,UDP,1053.888633986027,111.65790839045361,22,3047.2737858842793,0
internal,TCP,1770.43919242236,58.65378397571735,22,3168.62050047871,0
external,TCP,231.20252750453585,202.60316221935165,80,6403.595555814253,0
external,ICMP,69408.28530634978,19.498109905864382,80,524989.5143298394,1
internal,UDP,147.20807068739052,117.96898763803539,443,3132.8565914927126,0
internal,ICMP,2302.7715288531817,182.08708615976457,22,5225.135111809751,0
external,TCP,2070.6013520531224,289.3432387380273,3389,22208.209351603324,0
external,TCP,909.8443101964925,114.96362349846221,9999,29.25307163229761,0
external,TCP,917.583718505347,68.75126126115396,3389,405.7823776110793,0
external,TCP,1093.7342294075124,96.19348555509416,9999,9265.220868157221,0
internal,TCP,192.82202863855215,203.18329093679114,22,23792.519563034617,0
external,TCP,2458.2095607713013,84.53890920690058,22,2729.335819610999,0
external,TCP,542.609634346318,3.08583177339052,22,6342.026039225076,0
internal,UDP,483.11079932786845,267.2905507299173,80,5986.833618323477,0
external,ICMP,731.716932622681,116.96575360111503,9999,6405.0036018358915,0
internal,TCP,90556.18849667354,112.85975438794891,80,722770.8193709454,1
external,UDP,181.86170504927233,24.293199801802395,80,6343.9492321271455,0
external,UDP,67259.61042471052,107.55369936680887,8080,896571.4369983696,1
external,ICMP,86.4282756718436,50.06515648958588,3389,6430.025444471854,0
internal,TCP,924.2022189851156,105.33511356872364,3389,8937.160709780628,0
internal,ICMP,281.5000336004408,11.271306878269606,443,7700.443985717467,0
external,TCP,493.14225692518835,107.24923184658566,80,19250.805821377933,0
internal,UDP,340.65219195414596,744.1722909704406,9999,507.6380668950239,0
internal,UDP,439.5484777228535,4.941299889430069,8080,17916.61902825886,0
internal,UDP,1269.5639866386869,377.98631125622285,8080,18574.16135972531,0
internal,UDP,352.57153960555087,52.24056824545973,3389,3353.4410334626164,0
internal,ICMP,835.6435307057022,204.6033461015753,80,6214.815334849787,0
internal,TCP,646.3597866902617,152.50300569342926,443,5772.1205307899445,0
external,TCP,1089.6659230926784,83.70551059265524,80,2465.527131462082,0
external,ICMP,2761.9216475129692,134.11267858526585,22,5055.012353231329,0
internal,TCP,1318.9052712550429,210.79691009583397,80,454.0306764212682,0
external,UDP,241.99561324404732,51.77500786487027,22,3254.8373385942396,0
external,TCP,31.679678824257845,39.60592247910065,22,16965.33886369504,0
external,UDP,304.1693020055879,110.13963171723069,443,3348.607582183367,0
external,ICMP,904.0606518730973,164.94578429710734,9999,17048.847796950915,0
internal,TCP,52.795278099774684,143.6683368820512,3389,7584.31504228551,0
external,ICMP,685.9059560261888,159.85654764477755,80,21191.19835151876,0
external,TCP,908.4288399875602,57.19624967418865,22,8551.475486854775,0
internal,UDP,406.8318779381004,170.28381063858632,80,301.1722788880906,0
internal,ICMP,1473.6499591467348,12.807096265357146,9999,11252.238795273779,0
external,TCP,59791.6542067135,78.63356283442829,3389,903482.7454419967,1
external,UDP,78.11050579224701,0.5775305516253855,9999,5989.230793858004,0
external,ICMP,1302.6474102163927,39.242919094318786,3389,26511.033146683872,0
external,ICMP,684.1702266630685,45.64345626291861,8080,1805.6782269038133,0
external,TCP,1166.042655733141,50.44670351886674,3389,4940.870862331927,0
external,TCP,570.6239991288573,118.89765020311442,443,13088.160791406088,0
internal,TCP,282.8962537585316,49.19353427114065,9999,21392.64211951592,0
external,UDP,1709.8236985711958,59.54645855639284,22,11115.243053559936,0
external,TCP,1606.52156396019,27.121064873197792,8080,2986.395592937556,0
internal,ICMP,1186.4488197091214,46.72104005506762,443,11227.24217605237,0
internal,ICMP,317.6536149880321,25.782509753304883,80,3520.1103845115854,0
internal,TCP,892.1608797234643,7.601308825538721,9999,12673.714591579595,0
internal,TCP,447.80997557982204,92.49495953184562,22,30798.34306828533,0
external,ICMP,96.05073460665322,110.3261475071069,3389,12779.54711474399,0
external,UDP,2492.6998435376413,96.62437301484182,22,19869.02491820347,0
external,TCP,147.13044881952004,62.26776150169474,80,21.060593628231825,0
external,TCP,3000.4906531227625,47.76903447798999,8080,12643.320697768822,0
external,ICMP,590.6010127908722,199.0212721894755,8080,17695.336441617237,0
external,TCP,204.73028191346583,73.20580548015936,9999,414.0418223434892,0
internal,UDP,780.6698461517365,65.23543915152494,8080,20525.871876354988,0
external,ICMP,2063.1417942820585,2.597655394201447,9999,2966.4778232751264,0
internal,TCP,1317.6077791304738,41.74078814107977,9999,10944.97073726433,0
internal,ICMP,1642.7938260737574,47.83513648988052,9999,16112.138836548454,0
external,TCP,1075.2377151704027,50.88655141979992,3389,10866.77333611818,0
internal,TCP,1178.5538361415322,86.79110548652706,443,968.2459723633009,0
external,TCP,1891.7719880502796,76.27171043528689,9999,9071.365566320612,0
internal,UDP,287.2395155401201,93.62513582748197,9999,7975.829166740936,0
external,UDP,672.2176661712414,144.7673128786881,443,23058.02945475272,0
internal,ICMP,250.01312910612234,167.65704014851647,22,5179.169237800131,0
external,TCP,4395.558417405329,126.62847438313909,9999,3872.535946198978,0
external,TCP,2883.4637873204147,311.27987250042054,3389,13856.975969649098,0
external,UDP,40.22510120537909,1.8400844582700027,8080,5321.775048781279,0
external,TCP,1222.731563195729,21.787991071251295,8080,10387.30083565541,0
external,UDP,2593.5835574752555,0.7591618531415689,80,10397.306158452473,0
internal,TCP,199.15282538785002,104.26329264077516,80,21896.05257457672,0
internal,ICMP,839.2029176459023,228.3082010066477,8080,9130.270692174112,0
internal,TCP,2470.8652641255303,27.90293442777735,8080,6974.637032780529,0
external,TCP,34.53552354421181,261.77691662237186,3389,1495.1133902651018,0
internal,UDP,1195.4104568928853,6.215990193872064,443,1230.014353642368,0
external,TCP,352.8949647452128,272.4728923000118,80,1676.1609243995856,0
external,TCP,2582.248671355676,43.32824793065384,443,1885.591477718467,0
internal,UDP,3542.4699226222533,10.694046139193686,3389,10157.716017526309,0
internal,ICMP,2887.1736812409745,66.52825488994117,8080,13508.548271405838,0
external,ICMP,642.8614051984582,29.675856307817188,9999,7550.045481139167,0
internal,UDP,1980.8107067353583,33.529499259166194,443,17661.95426953039,0
external,UDP,1861.427273299079,36.71437871612786,8080,47402.14348973864,0
external,UDP,384.3405215195344,162.46830199654235,8080,17148.685923275792,0
external,UDP,1765.5975413946533,77.47071381382604,22,11870.579166436366,0
external,UDP,37.70979526890972,37.29606957534525,443,7603.403141981001,0
external,ICMP,907.0086402878069,94.24647609545124,9999,5957.538477983734,0
internal,ICMP,261.3762411972857,125.93117246481013,443,881.6736912155637,0
internal,UDP,83706.51477680315,31.831174220804602,8080,921824.8320259119,1
external,TCP,80.07534330438274,53.36663339591021,9999,24094.426929695182,0
external,UDP,64525.22528357102,12.997895952140054,3389,620988.5651585227,1
internal,TCP,415.326013068567,19.985356772213873,22,2434.1177737457497,0
internal,UDP,1290.1364372203777,114.29336926261702,8080,6284.982618236931,0
external,UDP,67.58993548947433,20.020656148364722,80,16967.577145739386,0
internal,ICMP,378.7603814176782,74.47844997321,80,697.6233328839988,0
external,TCP,775.4235144000495,123.45909994396855,22,4900.309816019522,0
internal,TCP,1564.0973333379875,11.303088352047043,3389,19094.708563504028,0
external,ICMP,383.829607040159,83.77388725681469,8080,5173.432577566758,0
internal,ICMP,983.2090864021626,29.647096009248415,443,807.9218692201631,0
external,ICMP,57040.1474446338,329.4862971807926,22,729832.4352013306,1
internal,ICMP,956.7565090720861,66.07683713268071,3389,19786.373537478634,0
internal,TCP,265.2156429658495,163.9858717435359,443,8922.948081423358,0
external,TCP,24.703413744155224,79.90112499936112,80,2565.440753539498,0
internal,UDP,2040.9816863741814,4.4383049279866125,80,4848.973848558193,0
external,UDP,21.498864160261313,100.28059835743524,443,5980.613189711288,0
internal,ICMP,2077.0577666041704,302.42005201247326,22,8657.553149269253,0
external,ICMP,752.7637204695544,92.03284227538245,80,14244.159456672558,0
internal,ICMP,2797.9918427926627,171.03022147077291,8080,1041.0976222126808,0
external,UDP,1603.3725230231253,215.59465301540334,9999,22041.16569807204,0
internal,UDP,62094.664705644456,25.887406583650023,443,811171.632308623,1
external,UDP,431.87861684828374,23.831409418015575,443,4621.185339586542,0
internal,UDP,1457.525259111458,94.41270647095304,80,278.0326337387307,0
external,UDP,514.0490026229409,52.93774323335773,22,4991.8402646053355,0
external,UDP,653.6873042851913,183.1714982168924,8080,7461.526743948946,0
external,UDP,81546.08951145817,230.28163537128557,22,784769.8897835519,1
internal,ICMP,2068.91406403239,43.60604784235147,3389,1810.763488212123,0
external,ICMP,4140.397036841308,27.032761460844306,3389,10377.256120492335,0
internal,ICMP,1462.197110339225,151.65192957924486,9999,458.11976406346463,0
external,ICMP,540.8841935911419,32.13161227341658,80,14350.931698828317,0
internal,UDP,547.0695758190242,172.9428925519035,80,29307.769766584952,0
external,TCP,1337.8177759736657,55.119330075541015,80,4151.652433967968,0
internal,UDP,272.8291200595943,110.12655032053702,9999,7282.343625023211,0
internal,TCP,117.06666958066148,10.04120172911258,3389,4762.797277083896,0
external,ICMP,437.9193315941165,97.77920690653742,22,67.33006204201023,0
internal,UDP,338.609106417826,60.105613796278504,9999,4875.559790413681,0
internal,ICMP,351.41468973230553,88.33601040666048,9999,15688.731954613384,0
external,UDP,53811.960898678226,18.39399149231579,22,896297.5581441916,1
internal,ICMP,43.00478093734733,133.51213047485325,80,1067.6140156840625,0
internal,TCP,18.03560283194906,198.62942632118776,8080,18782.294707834975,0
internal,TCP,4399.977979112302,24.429032668853935,22,7573.344991315427,0
external,TCP,558.219746892102,10.061021126280096,3389,18434.10901916373,0
internal,UDP,485.0387274553178,2.392245993157399,443,8680.28132521213,0
external,TCP,1138.332648626447,102.71426880495873,443,8202.727227263638,0
