transaction_amount,time_since_last_tx,merchant_risk_score,user_account_age,num_failed_attempts,label
23.463404498842955,20.473028191346582,26.170568373590598,1228.01026143703,0,0
150.50607154587604,78.06698461517365,24.697879907199983,1454.1468684770632,2,0
65.83728467727246,206.31417942820588,90.62545805210367,457.85344739751815,0,0
45.64712768879766,131.76077791304738,24.95461998495061,1140.770357683166,0,0
8.481243523117314,164.27938260737574,27.1949726128631,1043.8646732541977,0,0
8.479814595730259,107.52377151704027,75.93982624179637,1520.0826072618065,0,0
2.991938430434034,117.85538361415323,44.973984245054,1653.7027983178193,1,0
1659.260125139755,189.17719880502796,77.67105569551812,23.173951174753537,3,1
45.954107681363226,28.72395155401201,6.536615756438524,1230.4123323632377,0,0
61.562503085229515,67.22176661712413,48.75711936733843,95.54849759438574,1,0
1.0399653999569312,25.001312910612235,3.3613600183282633,1002.1182051010971,1,0
175.1778737579156,439.5558417405329,6.265320345535452,525.6420977756691,2,0
89.32147716773375,288.34637873204144,90.64374533444109,560.5605175283855,0,0
11.93438126244735,4.022510120537909,13.924537111759516,644.7963102970984,0,0
10.033949437483168,122.27315631957289,53.24206822752171,1134.2374270664889,0,0
10.130571141612853,259.35835574752554,41.10956026007065,610.307137379835,1,0
18.137686473023855,19.915282538785,34.73433262588427,1337.4430682766715,1,0
37.19639154304272,83.92029176459023,89.98333456872724,738.8579512867383,0,0
28.27685333901683,247.086526412553,2.18233967754895,125.67623736536451,0,0
17.211149627697075,3.4535523544211815,66.37896861755891,1430.5779526910117,1,0
47.318543694989934,119.54104568928854,96.33944342135504,522.2231840570958,1,0
7.511726436366933,35.28949647452128,56.016818346184195,790.366788389055,0,0
17.275775600120113,258.2248671355676,93.68224620330918,1251.2496429967484,1,0
22.81386091104235,354.2469922622253,5.225787928602377,607.4000306392508,3,0
30.446734392988752,288.71736812409745,41.87933190741614,104.2122368116093,0,0
76.8968005515456,64.28614051984583,26.015779096205115,683.031989751372,1,0
11.136793106434514,198.0810706735358,73.08209649807299,1723.6742148344094,0,0
36.10145775165638,186.1427273299079,98.12970904972467,1171.52354067257,1,0
44.875236065488025,38.43405215195344,25.65300624442478,1225.7779671689855,0,0
2.3781924878204275,176.55975413946533,65.41746014740745,1154.2826482350551,0,0
46.7666510324805,3.7709795268909727,19.809763275974014,363.9616614620127,0,0
9.348062598870822,90.70086402878069,56.53302545716099,764.040968122559,1,0
3.363196543965212,26.13762411972857,46.39324866883362,1370.7141922146925,2,0
148.68438967534655,12.847776747164405,97.2005329631537,185.9041651369623,0,0
168.53151712305862,8.007534330438276,60.85272726964666,507.8034635876352,1,0
82.61657864064384,119.1677949688237,34.950637208681876,505.006053841717,1,0
18.164392998437915,41.532601306856705,11.409578488793336,789.002523932379,2,0
5.138865750125312,129.01364372203776,15.124682873493455,1789.1925834785457,0,0
57.63753815493309,6.758993548947433,22.53169299512351,124.12464515129122,1,0
29.004542129269918,37.87603814176782,25.0966661340298,947.1106137502053,1,0
6.507611697722432,77.54235144000495,85.06160578411378,328.1611799902719,0,0
34.177361406707504,156.40973333379875,56.12227882825249,1771.5140188273733,2,0
1.7496860721739542,38.38296070401589,52.33909113743665,207.6655926228947,0,0
120.02114436965118,98.32090864021626,11.476887186921747,737.1682283075424,1,0
14.972888842034305,217.136165872427,86.0139693349435,1346.9022123383218,0,0
54.31278992824902,95.67565090720862,72.28143032084837,1286.10727672206,1,0
18.677329082881183,26.52156429658495,6.766836190000158,772.0570336945324,0,0
36.70554479546143,2.4703413744155225,70.78350972297687,633.060082345758,0,0
39.561189899089875,204.09816863741815,54.353821734264606,726.244978480436,1,0
10.219429975395288,2.1498864160261313,8.172534574677826,483.039904001358,1,0
174.64035663681133,207.70577666041703,45.830064152865646,375.52728020120287,1,0
74.61226885690704,75.27637204695544,48.469628713004695,882.0644083474153,0,0
140.25472096457912,279.7991842792663,16.577454016327575,490.8055710673158,0,0
112.60759987670983,160.33725230231252,94.56981470002823,525.3300767725842,0,0
45.55272061916375,618.2194410847326,84.99753714806619,1198.923059777592,0,0
127.47176896347025,43.18786168482837,66.90223373291083,1767.6120930206034,1,0
4.6327729476557815,145.75252591114577,46.22955610006072,1102.0342538203001,1,0
10.906734731563372,51.404900262294085,41.17655415845085,141.41054792649848,0,0
2.314098284341598,65.36873042851913,65.09734671509541,138.86451166981817,1,0
19.67660434015434,98.75329076281155,54.543186940690546,1736.3959548223124,0,0
24.60651458971093,206.891406403239,6.227310588188562,543.2584015205765,0,0
15.828022160441286,414.03970368413087,51.25026487703317,168.93018261443518,0,0
88.22789326204669,146.2197110339225,80.64036172328395,1093.6573269622959,0,0
22.061349976493506,54.088419359114184,45.923987759695805,1138.5353716014454,0,0
16.49014200671246,54.706957581902415,5.195657755426842,1183.8727918964871,1,0
39.1203541603873,133.78177759736656,78.6278199384033,488.7412988121553,0,0
7.594907391031443,27.28291200595943,20.13637821359744,28.561888007202462,0,0
81.02417978873656,11.706666958066148,25.862083488803876,1761.1880338849567,0,0
3.8737934405654504,43.79193315941165,16.47063534322959,458.6289153405709,2,0
216.70731697936597,33.860910641782596,33.02150648714976,1234.0719494078467,1,0
73.97418881207557,35.14146897323055,75.6751505688635,1289.8928826587662,0,0
11.076972025294298,26.606116595949675,51.93858595039374,1113.6535287529819,0,0
0.2768710187967737,4.300478093734732,20.488127415071254,571.7430870456943,0,0
84.4948388743063,1.803560283194906,87.78300781520409,495.47956686565595,0,0
61.35479536935223,439.99779791123024,87.95818549515292,1091.1469476497305,0,0
65.28314543939995,55.821974689210194,87.05784250460069,1580.7584357077253,0,0
73.76072630217567,48.50387274553179,23.87962113815393,1727.8423215562736,1,0
1049.8267810688394,113.83326486264471,45.12393441809881,194.17218723245392,2,1
22.194633620811626,24.622525594093332,98.49896561408751,283.407389378241,1,0
6.157505230222482,299.4956253739776,77.20124763099903,1724.1989360203372,0,0
99.42647858291113,154.33927818755862,2.716742122555982,1344.4402564826617,2,0
48.815059585618705,9.366363864100695,6.5204591260492055,1611.580736489506,1,0
20.09094006256505,54.056477403338974,46.39313768123328,370.60192466286594,1,0
3.2834032902391446,211.29429601408535,90.92202058615601,1072.756628903549,0,0
18.624417520517685,289.5561603120832,53.870179795271426,1279.878620217472,0,0
532.9727222144344,62.99874431013923,49.781250803429025,1241.5240790552782,6,1
65.39378919788705,95.03941725764365,10.547369995663058,745.4686841408574,1,0
50.744467946301,18.276238925679856,65.6780104724294,29.08028244494666,0,0
109.11259562007574,472.9444686092813,82.21031606002255,1064.2571276109759,0,0
31.95330666881549,26.35381650176833,38.04200075075623,462.65720746360637,1,0
6.368619680775095,286.0009331493888,77.56118509253275,822.263744964632,1,0
62.45631721582997,104.881305946856,96.44766539008116,1747.6277715128829,0,0
71.5196376538432,93.5822222872194,20.376645912768907,728.8404193798009,0,0
41.19437474429144,71.88517525924412,52.33296311947413,1532.7981305559142,0,0
73.69449833606822,26.223502805196265,28.713795808457554,344.8980648866341,2,0
34.0407365755139,19.422577002336727,79.28544190338394,1227.5679483976526,0,0
36.98394193886335,24.908489862050676,57.75933658811575,1783.060684896633,0,0
27.890709695421368,20.633346355455018,63.45824175503038,186.85301599223672,1,0
1.2873886995056865,151.22407575727965,79.79141596158941,16.17557462239823,0,0
5.708371759593292,43.097564107307434,39.59704726624549,791.8550137618886,0,0
1.5966840646526912,5.958300833276848,91.50900684070432,169.94888108569376,1,0
50.58647754637747,347.70842165267743,53.302886724614,1366.053053809446,0,0
18.869835439754993,215.23209700260003,15.7954822835348,1669.1367628597716,0,0
35.52185885670951,262.76545538067546,69.58991181688025,792.6542542207761,0,0
119.06327649229877,528.0049769049707,79.32613504382545,472.8900352915243,2,0
14.336941149164916,19.103369657618533,31.67616770675267,793.3516538680562,0,0
26.41409874413363,50.45818548938807,85.7179256998753,1320.5688197584018,0,0
1554.9200810633756,141.98034754812707,90.61432547657664,17.514790722596665,7,1
12.990257845869701,119.07954024213375,27.690448737780894,1076.1640768200878,0,0
4.0052139275088185,16.711288479350685,98.3521472715222,1119.6440332345794,1,0
17.107015194352854,169.19130029863152,14.071152804875842,1164.1433623381863,0,0
8.790417925003142,25.41706672405863,20.201566840248997,442.44827388512005,0,0
132.74750429403124,25.336775396964306,18.422483923802613,1303.432167441703,0,0
82.54435402422847,76.9972984290837,89.39897100078704,167.69807106916016,0,0
50.174709526026554,89.8794524186919,65.42925523249619,364.46909371544467,0,0
102.57598652604065,86.77058455294674,15.210428322227287,1601.505365097775,1,0
81.39844703702782,9.594590297101375,44.032341836834895,1348.4310269252571,0,0
1026.0646819881265,209.93248112914236,61.529802506980204,26.07189051669374,4,1
111.54067026177805,30.870149766701555,8.34640849893833,454.03829891451556,1,0
38.7549950983086,13.870466096940032,88.24163684073388,392.07742497953217,0,0
82.36741456517831,219.59580984800334,80.36035354415351,494.95074233943797,0,0
733.7773048271652,311.5676352753279,50.52067735766382,452.5490209905128,5,1
19.136535820915924,198.14267844749622,96.71266152591704,115.04796343495063,0,0
5.829608006192542,165.81874697336124,41.77609792750997,838.1075022726003,0,0
12.934337306969068,106.491250119862,98.41103190364979,1337.505858009965,1,0
27.85288463743072,80.04147815698988,66.79199988036271,1107.678665884604,0,0
85.19148633194725,9.100489675235082,63.467127325394145,1228.3179235228974,1,0
98.56724859399166,52.50144999102648,16.5954895295785,149.0161016501002,2,0
0.34882045908253234,46.63120786306161,88.1927758304644,1736.5190553624598,1,0
35.74380796692779,30.077242347628445,42.74896879206152,1530.4091049296774,0,0
27.013666045933565,128.52555799970685,16.223340578247935,1469.4847409360889,0,0
1005.8187356094286,68.49324839176536,1.260751997575904,1502.122460396184,2,1
6.3840195772823405,8.451944723555854,55.975568363838256,1702.2639668341567,0,0
20.595428993121622,24.869626118041648,52.739962212267635,993.7192341913845,1,0
143.15605613455747,114.9670127597249,71.93536223691585,366.3144005905496,0,0
1103.7895332352132,7.918484019491231,89.02580530178021,1126.0133007230352,3,1
36.5726402880076,190.51986230442049,7.9406584643029525,1356.0158444503206,1,0
60.70434884404274,68.34870443120784,73.14964903403623,1346.9613254777423,0,0
22.598724948348117,65.50551374355909,18.741194409758222,952.1230200803893,0,0
178.38990691458497,89.74880765880748,85.8177053157164,125.86870406444638,0,0
164.1004932270699,174.11479129444766,81.90635138616561,677.9099996965532,0,0
14.503064749610264,42.74181339452152,54.07937549855444,1680.4782938371638,0,0
34.382963923192364,113.32538979228511,71.02427986233116,1067.0348113975451,0,0
17.89652300395234,83.40933410349736,31.43501131837484,982.9174644984213,0,0
16.762483819054086,31.064814560107074,47.116789893281464,491.388810233121,0,0
1.8792238882761265,210.89114354403586,82.16368977104716,673.0508299278399,0,0
47.02460354912966,159.66501337527325,45.92651971732139,1634.1112666153808,1,0
34.925981641481926,107.42665693848761,35.77982653254418,1216.6285986889484,0,0
2.642554369019624,190.10057185416065,49.421244725029986,1437.1939367962552,0,0
16.331296050518468,201.96206382205298,82.82492524372184,829.7260516754029,1,0
119.44304755446701,123.22453209093109,33.520804737087275,1150.570928288032,0,0
13.693027607103852,181.40868506209324,17.37615931357438,454.05170234761056,1,0
7.8265430492734875,119.55796643719839,71.20140203307808,1287.760554437079,1,0
33.613605473681815,113.9874291728865,82.59782127080818,780.9448326748873,1,0
212.20184913076298,96.39364190221882,10.063747852353334,808.203019022096,1,0
13.85724067798631,139.72203916260642,23.98741127559447,1185.363920028232,0,0
55.75775051486467,17.2694175461279,14.19719897609939,1708.7758535593223,1,0
71.69438131197315,212.75463180521533,34.79414115821666,117.74757621412456,0,0
13.566658616790289,205.45033221429355,45.035097890541266,1505.3316649209419,1,0
65.1374464246158,2.9683511543022014,74.88263369633064,534.3067933918402,0,0
22.9261399632152,174.76473762753136,65.11475848816741,810.7090850196331,0,0
50.02518738658856,13.796390740375564,62.092856747843115,40.96991168561634,1,0
50.19189135688191,40.81469825093086,35.23749466096544,550.108045969787,0,0
38.36926249761744,136.06588031607416,84.144755308476,917.799386557358,1,0
4.7314579405810475,17.525843472956318,47.128716739816454,103.46516508172876,1,0
90.18223971231485,170.35674221585722,97.91049380151546,896.7586103948933,0,0
19.34051468336983,178.4590297012224,63.41421382957368,1692.0497870377715,1,0
10.321605330377826,70.8195305309597,12.626474156450273,193.2372298286367,0,0
2.0814879897172602,0.6406348617415167,67.6177562075434,1395.33988800972,0,0
44.68892022972917,33.83273427118551,32.5104015431699,748.2400013578106,1,0
56.592586713367446,95.95294943637384,68.63271966860974,1196.0368552923926,0,0
0.836347377923531,397.3163467974408,6.964114816240574,475.67155472505834,0,0
35.88152922747442,99.91657490890634,17.48814371759594,291.9138868754375,0,0
12.841207352747883,30.083969701011704,85.57372589057863,293.683808430717,0,0
51.806217077384595,100.51375279415504,22.71795570235149,129.57730885309584,2,0
9.580211126956687,77.64970067776713,83.704112524294,339.61958973986725,0,0
58.71062637838595,151.34252301294654,27.927608845441043,1212.5361582198782,0,0
24.44793504905509,11.314701729582906,64.28819100587077,1609.2036760025587,0,0
138.01719089021535,143.14084807364827,69.4150573509831,1485.9652505182792,1,0
7.3972206719639475,77.92860190698894,51.265475314505295,1250.684981211059,0,0
20.856621699758588,329.66212777676657,30.531067669673128,202.42771886185128,1,0
6.022214251849821,41.83560899891112,21.264437637109612,528.4779020438125,1,0
129.30951985753617,100.13636973450231,3.318935456242622,566.0877405881835,2,0
104.9166853580497,268.86609755685515,30.39464012407238,456.9214702292611,1,0
14.916368503074445,10.815299766527462,65.3162790531283,940.370323310535,0,0
53.93813695219573,276.8253926838768,93.83048184484826,977.8501583405227,0,0
84.97420363196106,116.4385883557969,87.1204482263052,651.960018712105,0,0
40.506618034325406,7.02476502911083,76.60647765353026,646.3114255352593,0,0
37.713970509697305,35.80524164282398,78.84473432532987,1512.2854105806923,0,0
13.843852271895157,123.15909951213125,66.49849034759953,1440.6701553351065,0,0
1921.7848508804911,6.972592739476132,26.0286857566003,562.4195969856801,8,1
113.75616125972614,87.26817290949637,90.71950307058299,1667.750121624825,0,0
115.33872138242134,42.446913151136116,67.0732311905834,1738.934591012571,1,0
50.13349597414424,96.99961904748348,56.04406309804399,596.9783966627945,0,0
20.702325490566196,4.682123927795485,11.098946921348107,647.4711065985321,0,0
21.478380790582197,205.21128448769127,44.70555438064254,923.2766958416529,0,0
608.7834754317221,363.0194375144341,46.03582712019263,1717.6043620614205,5,1
113.70486745536262,346.9835664491751,86.45636095226699,1599.4066460515762,0,0
109.05662846983066,138.490265696123,54.66482201877885,188.0839637524678,1,0
75.67810959654516,13.936119883380577,38.04005489704097,717.3408757270631,0,0
1475.3826066404922,141.990573116036,97.68003285106593,1010.3490501035839,7,1
4.394586309804203,2.489422228251131,11.072059332631568,918.7136299340091,1,0
8.814710734170575,2.2371947734473863,42.25484283119446,354.6062359168922,0,0
114.41152500887529,39.09857702172302,4.202467517140529,1567.4817906107141,0,0
46.624697348279476,67.068767492168,73.99041207669303,1235.7399881862314,0,0
0.46198028054972046,147.14489225838568,91.80765521991506,1529.3448757296896,0,0
5.349845071797466,114.97857268908189,28.003732955048942,1567.3860455334373,0,0
54.45811936451205,59.041498739570855,85.83416767991208,1366.0010770863094,0,0
0.25372185258985014,31.969116255840703,29.221823046189776,802.1201366794844,2,0
8.765790805209953,585.152876165698,91.07701616439152,1114.6372811481344,1,0
39.78489230694658,55.544179011003415,75.3961903596784,293.5065007624115,0,0
58.86576433274063,60.03620484245429,80.49067768414386,1229.7292414742317,1,0
52.77207410676243,17.86767924545557,1.80065556004545,327.9579384684481,1,0
12.697493365401225,158.38167006373084,96.2810357074026,1266.764053090526,1,0
62.27086444492694,118.31322380365738,72.66709920703232,419.78704521523883,2,0
13.541187952640296,24.944852945317596,30.47510953861333,215.41357147400123,1,0
19.681745445904223,8.59730569023787,82.9394664858847,302.47891002075437,0,0
68.61787758328953,114.09958207372404,28.152119841492997,4.633654639584169,0,0
52.43869071513841,106.2795094423143,87.2753839566128,1311.981062964839,0,0
94.59780387317005,31.918584867373966,11.258039041193701,1336.8995134824836,2,0
53.590664408488124,301.31544063851095,70.36859774607957,940.2384302417853,2,0
42.00221527936287,16.376428319465084,54.069847664491036,295.32574912501985,1,0
4.917853072420524,56.622347250341164,9.653447019544082,153.4031116194981,1,0
22.920815360351003,287.55684327996545,24.189382825883897,35.8912347816115,0,0
15.408007392941558,54.425714269355005,1.240403627731479,303.32467478456255,0,0
13.985010183121064,101.75650177301027,46.876796546450585,1625.9204958092596,1,0
180.61547030814629,50.682430300913964,30.126526076000037,441.56319926386755,0,0
703.4399240109701,32.05017300668813,59.83574842977588,647.1909008442013,4,1
111.30276056242614,413.3770529131774,29.72378077086172,193.15016369395173,1,0
49.86671928682416,52.65045758454232,29.99191115069847,406.5870198606626,0,0
79.19126263441999,224.52525068481322,74.31931987316034,948.0656171030942,0,0
34.921766219438524,26.130581248389046,4.814283597835345,1109.5408939664703,0,0
43.00779513207925,23.96600813788579,90.28949951919873,448.522621039169,2,0
33.914671667084676,3.1629049095555,85.22638743911814,106.30345842661379,0,0
10.860744766261925,105.45958588759896,66.78046832264066,714.2439532883751,1,0
64.0880901532902,45.96990541722013,59.32215701073843,428.1869485696335,1,0
16.478868418313148,199.77380588267937,89.23024981396523,401.46635597115875,1,0
1.2308240540344306,64.09531147028137,18.533017952871443,1751.7897521493423,0,0
51.848439314763695,344.8082341200801,7.896916219082861,1125.1320863285207,1,0
9.746678511241134,20.52121782608384,23.95101699095381,1016.746280345903,0,0
141.05415736366515,202.96855047299104,79.45782787001903,759.3737888265392,0,0
153.87812063940117,149.87773046742976,3.4670266726483323,783.3944641765831,1,0
123.17549423169207,147.36920438900364,58.280683508348964,987.6107270006594,0,0
23.114369824868337,186.2932610814589,99.54375161913099,1271.2879680338597,0,0
0.7788657685972191,143.1392112603727,85.56960938375394,1281.7144794356568,0,0
131.7761728665945,98.40887504235639,52.14456890435895,314.16968765474,1,0
27.946913852653065,14.069398592758247,6.364090928664234,913.2056597877676,0,0
170.0421008061028,3.306691334998571,83.13735143857099,752.411565342202,1,0
165.68677380651027,253.6383301814264,59.89785081772106,1588.8411864753568,0,0
95.86935085897095,95.88076894307802,11.493299705956684,1152.7081123023186,0,0
17.438803408608013,159.22725389316395,9.38572848233562,972.2874171427508,0,0
24.31459660493468,65.68583602697946,90.96268194365923,211.4798273343453,0,0
95.23633262390399,12.477916417400802,66.92002629380784,1105.6835101259026,0,0
19.057311571535855,13.37437491163384,82.92867993167555,214.77992396074575,0,0
9.28593081478774,115.69788149447113,87.89789002822673,616.0647938319318,0,0
40.68684960301139,56.26557199241903,57.17723520483222,261.5437438213413,0,0
137.5646735403521,22.37996748916361,51.74463517550413,1263.342332172449,0,0
59.541279887896856,67.6476013409331,43.042741032099016,377.20385563714234,0,0
42.205616821782776,6.636305079345966,31.69465877911193,715.7514966949594,1,0
5.111409867466144,87.22054323249506,43.459596085871176,1634.7107943766523,0,0
47.726535775885885,31.33327966124574,77.38796557301563,373.6730833197218,0,0
230.52848739231587,159.7307290031962,60.19234310151316,927.2364366608131,0,0
7.546029332113208,37.15883971801938,89.2523289954846,765.7515099668241,0,0
36.524766249075185,60.73735091953125,44.33800143791877,34.05825086741103,0,0
104.93043189503972,1.1688586050930903,60.7089578718754,1446.9907991568105,1,0
67.5017124176835,7.520522230669786,63.130755309198875,126.9397331178299,1,0
59.70372126508365,49.83924970857172,59.16971623063255,866.0411582619633,0,0
60.61437781122449,65.38088487800127,70.26337730855164,1023.6772099686447,0,0
22.274617115747457,91.63421034919133,23.74334683748063,1147.249856865007,0,0
17.37810421335476,34.48347150744582,51.23637775457907,1257.064091857565,0,0
82.86872536298561,118.73841143891859,10.422480280834767,462.9688275454323,1,0
83.06640995435144,196.69875044031022,38.45113276448126,19.201288625011657,2,0
100.89750236839575,151.34506386975707,48.76670686212644,1320.5612401353594,0,0
796.5354546717313,4.0425016397703155,65.22242595454725,978.0376372099834,6,1
35.80466184664519,65.49018415021082,95.05310525862035,1526.0786906500218,0,0
34.809218877559964,11.085355080954614,60.06510665483559,1499.2123739308663,0,0
1674.11851137708,27.71312827847182,74.35939161765597,1539.226930045099,3,1
52.48595374439001,431.71826552294334,50.626605949520275,885.8126598026812,0,0
60.52753242557585,15.372890217305862,63.41040313763313,609.538194006443,0,0
79.43097374771024,69.09259562090074,7.093221613377343,1444.802161526659,3,0
110.36617381733835,96.27424349612865,25.439158084184697,824.160462165361,0,0
20.62412035688271,121.22233148577382,36.185309320513866,335.59856623986457,0,0
23.546839436377816,82.01824240381106,47.249335500651355,1560.4726116801291,0,0
730.119323583632,0.9818895384563227,4.564874550238374,1610.7892152327613,4,1
43.170701330471736,39.520983599786014,14.002409755331769,851.5489951996703,1,0
1.83020521054285,72.92130935726833,27.68143077913058,139.07630261305235,0,0
31.33034740910548,9.196891710405072,97.15326909010507,708.3947880084826,0,0
39.1147292843563,43.17478910836826,33.134700710305076,1466.6526908597884,0,0
16.881533015726124,3.3766845705524053,48.20410581120825,1645.835828068321,0,0
865.163925148116,8.183768960808726,19.609771273839293,372.1342823156148,6,1
1.5487531050737273,50.57108535355949,61.07800710757682,123.15986833409525,0,0
1.903174964139469,14.238850592466138,28.068321551597432,1601.2872265142978,0,0
86.46756847690679,83.82674039181207,20.699257843842677,711.2746086974686,1,0
22.329251210387234,116.9458563158434,51.65726284459791,989.1719988240354,1,0
6.7944520648713995,161.23757191107592,0.5505799160420821,1766.7520411805842,0,0
1390.2446237327772,22.33313742578472,0.7664032649225327,122.41406371554248,6,1
73.48239702228676,18.330113513507694,21.906880910185777,1183.5320455926224,0,0
12.155900171495167,11.044881728507567,3.672136250082114,136.16829077655754,0,0
48.760980932824644,101.17841147041304,10.802575413069137,685.8553255228967,1,0
4.460551449494864,122.57949395115995,33.88606493387516,1467.1577304328468,0,0
2.6532547955154704,3.2095746736032114,80.25856795798128,791.6533525462771,0,0
37.89544703127605,275.21940544489087,57.204864336930086,1819.8606135189816,1,0
38.89552213473711,5.337048567900803,51.26677259564164,1020.7241357426024,0,0
50.7268724102308,77.9350888095622,29.348882320812166,586.7997664079792,0,0
64.74802814583421,123.46400040612392,93.17537194328163,402.4830584502697,2,0
186.17785043499964,204.77035524547608,39.70150412371917,640.3494545379591,2,0
36.31455596151781,125.20674728720263,8.70927667957715,680.5006913374207,0,0
674.4975906998918,161.8115872596726,61.70665161178013,126.33374816850483,6,1
79.28269898663432,41.46827491464336,11.38383934766014,675.1033397544343,1,0
15.792573271806864,168.64545693479235,34.52231428016921,847.7710600043463,1,0
28.899171563665067,8.350644975816266,50.74119387178089,1319.2736600835797,1,0
4.085258429183495,225.20503187852162,87.42225246851758,1198.874580132213,0,0
1.2838804770737189,79.31716828789294,49.35465803401187,1293.7885551379773,2,0
164.3689961634301,169.98976096655187,70.22587660316643,16.255355743387348,0,0
90.38838210575312,60.20609719350464,99.28168389990704,398.02533683489776,1,0
59.53213663996708,103.16390017200887,13.148911989798162,1207.9121420413383,0,0
26.292982223257095,74.73978139587696,27.47315255195195,883.7966075598588,0,0
9.515326807105437,131.52378349869207,39.45760755976464,10.691779619063006,0,0
8.506037078642708,8.515489988895617,42.18281785388314,1468.3982277956438,0,0
14.40029945632918,6.225003131901508,41.102107526554576,1410.6046616815754,1,0
39.83953241566573,28.38271575399164,90.76110025565549,1001.3165533002582,1,0
62.692464388838786,17.381148651515005,71.40326444668564,122.22910621592035,0,0
53.969517484839926,205.40355570023982,60.79052140907037,1399.1234503474343,0,0
16.420613069449796,24.745415818055395,30.93727178627821,1065.6935840220078,4,0
154.90517492781532,372.41028094340936,82.37903842212947,1427.2949983361175,0,0
66.95087024376132,41.08231243314293,95.5060511484989,1372.186514130013,1,0
40.411524096566566,20.103710397885287,82.11982825502265,1465.6757792510948,0,0
47.30152360187175,155.92130975943473,0.15651051914729042,945.8467131220357,0,0
27.20189327660257,107.50162053415187,63.6401370183407,256.95192118497135,0,0
14.233064613703176,68.95451087234338,5.1135381442100725,1225.1912314445522,0,0
22.00070646615562,81.04982991156207,25.760722033372186,1132.7441839347944,0,0
70.90909238783566,127.01189397289663,5.952470034777169,1354.869813451135,0,0
0.7249039860402138,25.935994568670672,60.37954529493877,310.8629550365412,0,0
6.169019611998802,560.8631232047704,68.65899134926067,356.6347646181275,0,0
2.3547188476260263,368.0639977890095,11.448763806590511,1625.1069594080552,0,0
2.0790725958646212,105.07530901325568,38.38388830449795,1368.9595043765771,1,0
96.71015168078293,22.257177846889334,45.6236508955542,1657.608763389389,0,0
60.812030585034414,114.01477952753687,36.90530217609166,1384.8967458029913,1,0
32.13922972064462,7.493737183429329,12.102500048519305,1090.2112781263106,0,0
5.147845922390663,3.1132116523619477,41.89477901874754,1194.1381123388417,1,0
1267.9079460228918,29.797875313889655,75.11780478084181,1622.769333266578,8,1
32.07251660471856,62.105530187343895,7.100766453325546,1056.7435202297795,1,0
9.509735640011248,202.70199251908406,8.018001408190345,1154.4817755749787,0,0
28.444956565116193,129.8902978817889,35.47712918359842,286.41352999056744,0,0
25.416830729160345,135.7537904749322,94.1725711618925,865.4323054917713,0,0
47.836121645656725,55.42435794074139,66.85726467229141,1307.7083322115725,0,0
50.405726802045606,42.45485326894826,67.86699566725648,495.1994817290505,0,0
2.3181162010267364,46.36856505472971,36.1919990837865,369.9116252767517,0,0
23.469200232753078,439.40638915165044,59.36607912085384,573.420098201334,0,0
49.15624973913643,4.093574204392867,1.0131184027743378,441.49714545892823,0,0
34.97197263038949,201.76429917557388,63.60960464095422,393.000649954386,0,0
97.06747265877193,86.43517413526625,91.32869475762368,775.9279373913906,1,0
53.74873820274989,57.734908103465955,61.25734683448192,1656.8974493235662,0,0
8.892643438365367,129.19215674888704,87.3698593466345,925.8767956514222,1,0
3.659121812812042,66.6834303599214,72.39730554660937,343.7667746071492,0,0
51.41970735544456,206.69063412677667,12.055841640369025,141.3963249507143,0,0
1.3434536333697213,230.96284796203744,90.24533072858418,1270.7888087315757,1,0
44.067368890364534,54.76987013540248,6.644384435577488,699.2249463319714,0,0
140.8627727693576,32.41079070851419,53.39674725477638,1500.0196465716954,0,0
42.83912227887722,89.73471219409093,14.213712379345766,1203.9476420007647,1,0
24.56503461119536,243.4555939523599,1.1706610730904066,1453.3444057874563,0,0
51.541357892249096,23.656089895002456,42.2034260127639,497.0295758992505,1,0
30.647798702554564,97.54214576995756,29.504070765415623,1263.86267456897,1,0
39.44071802881601,99.84780002255434,48.6000493797603,482.64906008134307,1,0
141.90635731164997,132.09300151268556,57.71998867345508,1713.8609065173318,2,0
24.396376367509358,14.106562970266042,4.373907230894735,1161.746689516875,0,0
162.4545930753377,125.81649091271099,12.300329512374564,592.909523519824,0,0
117.87880918849596,239.7253206289245,55.86423964504254,492.5896368211053,0,0
10.8948130470225,19.806456078014456,34.316735317265824,349.25009117067776,0,0
3.594207765157851,27.120959168716197,72.9173487549448,1268.0251090221595,0,0
5.311266774081511,355.4177038861512,65.22916485919397,399.9372781082194,0,0
0.9194943923616852,19.96430547551579,84.56043629899068,1086.83315705174,0,0
4.960250582787707,192.6789767756658,69.24928266692253,483.6942891118518,0,0
57.44374362885836,67.7820942553549,42.99310773901481,1208.4313553040163,1,0
3.692481347321351,28.399696999437047,67.29666223944324,1487.4500648579435,0,0
19.207859414743425,204.6006001744849,27.538117425541852,1420.1180434958474,0,0
93.17630200486386,58.933732555995576,30.63134987782127,1388.7928276177458,0,0
1.1773501590355755,72.32298691011181,78.89851599207933,343.40566798266775,0,0
1546.1474258557887,44.50899591778079,44.64195164015822,162.21414329976213,3,1
16.554173341981475,89.88213426850785,79.83803405183525,1275.8826631609913,0,0
6.287505991455382,17.855729761763136,82.24223736682784,672.8653179608968,1,0
1060.0297415477476,49.60709063634736,85.75623376612837,789.5995169597055,3,1
49.56995882166101,348.71580418211437,91.66352358412072,57.8159452551453,2,0
104.97079070434734,29.85858804240062,43.098522051329624,474.4674434776897,0,0
66.41467893822002,106.92573845171027,31.886681832113883,62.425760667022374,1,0
81.34979029969891,39.332420438892704,58.21987465941139,1604.6348492246757,0,0
16.56669311533693,148.48916907071649,37.117242343762754,444.9555501905996,1,0
9.766664802022348,14.026677961013675,60.1074166800233,1017.5829973011666,3,0
69.43781980027124,350.06104544244,70.55858626438246,72.09828088590187,1,0
82.21045916217098,60.47509221647378,68.84050184921368,1217.3296417415204,0,0
232.85024450701152,26.925354349772025,37.45528870201213,590.2018786554672,1,0
1704.0461080040325,7.633772255593707,16.68602016987528,1638.8045970107823,7,1
23.262195598086635,18.603794010459392,43.05293384622075,1620.9275766156813,0,0
74.89772516717935,73.34983454295815,14.259414408190874,594.3300878918279,1,0
20.836683546537657,41.098507980516665,89.00970351838083,1644.3526737394134,1,0
133.5068962199663,176.54098841221574,34.58774607378574,1817.9915964617726,1,0
97.74195785831246,56.36771906855924,15.445974722332378,1506.5581713620813,0,0
28.017780472107983,28.5969236975851,2.5447759905750877,1542.0453383055376,0,0
69.48923582477306,96.00989165734678,64.58223862864843,455.19193466298,0,0
70.23164934275086,122.68226069593449,63.69023174547432,1052.9051755165476,2,0
5.441875940335901,18.277194768584682,34.060416658129164,123.67478707647896,0,0
116.4222840433816,18.34652701307607,7.171188884765101,174.13031676272556,1,0
35.18537448783772,3.7360728009482735,40.9628894895232,1822.980124348722,2,0
87.5666278761665,133.33301207898342,31.12174950633936,596.7899909528616,0,0
19.286771308225415,109.0062525147099,67.71206397350093,1365.6874555770958,1,0
112.93952572729631,64.36541696352927,60.57792494526903,1472.3570567209133,0,0
24.64942270300856,185.89924906761502,36.459372819754,1566.034446317186,0,0
0.5448403307587739,163.81983211693515,21.78925542549901,1820.6740144615335,0,0
117.89536484812268,88.03310136359215,98.80359661555919,441.48958910852696,0,0
4.786280527423763,202.70106265290028,45.40016211961149,74.59990819209227,0,0
19.232681669251946,23.047185037057353,68.82742357802371,751.0133288221248,1,0
149.84861915941428,11.869302139028457,14.055296757836079,238.26714176799925,0,0
150.39747700519948,31.43678057281079,48.55896996593978,41.90482183158855,0,0
42.59986455276319,5.878110672996271,2.7536719869465487,658.4185327060707,0,0
49.96150401952623,75.75140428339438,50.545511791044994,1430.5385699612311,0,0
29.75073318114288,275.83812054019666,96.40174071177023,1033.7135807945292,2,0
17.35113893730985,4.013841640938224,38.420671298580025,571.5070523196857,2,0
19.924316727519486,13.023387998311675,3.8996012574911587,1194.5198180187208,0,0
55.816178996425315,60.18432483019309,3.095579091934353,424.20116088327075,1,0
69.79189368315386,271.62086538759945,38.798675994686946,27.231757635483085,0,0
78.40977081105743,38.0025611056787,16.002493646319405,1395.1805768600434,0,0
77.94155159243708,70.77225037713451,2.335209632818591,1138.7073867919526,0,0
1244.7731333459074,4.24617330010517,75.62136139501769,1391.439987089751,4,1
34.102479828667796,16.05716513364189,45.85230088818907,72.02294243830207,0,0
2.9640853224368895,431.4751084533379,28.924477197265453,1527.9062011631097,0,0
39.87306578476964,335.5804307819909,90.00831830164807,1131.0157888662172,2,0
1537.891044899888,0.4952222973827616,11.613896020052561,1028.6331196998556,5,1
109.33093321104006,303.26407986788155,95.59188289553192,1140.2960237609057,0,0
21.609580973394255,101.92096135685009,31.396671737735282,1577.7262422878962,2,0
6.225298877622543,202.43345669765108,88.84036723086813,1071.5721879634464,0,0
7.715382727105968,60.64922690920095,60.294287647946156,1060.653492916039,0,0
71.67152735395469,72.4836068697771,82.67073597414874,1807.9987824879568,1,0
48.14528398740175,67.108549950886,98.40131632104642,1381.275824733068,0,0
5.330435612269272,109.92052370655834,28.840543781874572,807.7439011428708,0,0
4.392776083430254,15.041745420945718,96.1135485407593,1291.2921280600601,2,0
60.36042358265499,3.043198091997127,38.94818949024204,710.9563803658222,1,0
3.777304476289857,36.80680880137809,38.55119047369223,418.46884356990216,1,0
86.25929269042906,121.96983475408393,34.03871042545057,1089.6578234432732,2,0
61.24998765650025,22.546305443661037,54.14076073475852,1694.0041469598475,1,0
4.242437529015604,111.91184093319791,15.41450431784871,1695.750484508204,1,0
4.432693388890335,350.363039022921,55.37114853580112,624.6352272644143,1,0
215.77292810290461,9.860639372178696,54.1704812410004,963.4836983883716,1,0
23.441879127614477,111.65790839045361,76.190181260487,387.02387899142684,0,0
23.152763023765623,58.65378397571735,83.36499619375856,1817.0311437259634,1,0
83.77877016413386,202.60316221935165,44.044135031242405,1790.5590639511147,1,0
147.10822689816217,19.498109905864382,30.233324935149376,1185.704287786384,0,0
213.4386969800992,117.96898763803539,25.933489731709447,1468.2512448517114,1,0
69.99496150581709,182.08708615976457,19.462383670487192,1305.342694181469,0,0
23.601049980956283,289.3432387380273,5.764758219902488,1082.92059152799,1,0
4.359699684897863,114.96362349846221,34.244797883471335,98.3067465077494,0,0
75.06212702273129,68.75126126115396,27.024769213078326,830.4901608160538,0,0
40.86802037807465,96.19348555509416,96.64173858664074,1231.810215153357,2,0
27.601656265248685,203.18329093679114,55.77088262500439,1236.8176637238407,0,0
118.41188377390452,84.53890920690058,34.72770390305075,681.5756560024276,1,0
5.894010398594012,3.08583177339052,58.0467600993696,1718.6461836642477,1,0
33.92525546864771,267.2905507299173,13.91967013456955,306.25922679988855,2,0
0.5709294716270834,116.96575360111503,44.40437492022029,913.6556298971825,0,0
31.617718479146312,112.85975438794891,62.62343214210638,1261.1723732287007,1,0
2.8975215532962886,24.293199801802395,48.889783179245136,1272.57570994666,2,0
1560.842492503135,107.55369936680887,40.177880065432426,1184.1174571463196,5,1
6.251311600372814,50.06515648958588,99.38483888996981,503.12570133619295,0,0
52.37841932034858,105.33511356872364,88.0314762148927,285.92078128439846,1,0
68.52988587982364,11.271306878269606,62.34059581594401,1160.9551561319206,1,0
43.77768886014343,107.24923184658566,56.93773611822828,1094.1270598383344,0,0
163.73601045511884,744.1722909704406,62.06604798245841,328.14536276757553,0,0
23.48982889601336,4.941299889430069,20.131210782243325,1287.1738015207075,0,0
16.823457871027937,377.98631125622285,39.51377432643186,831.2337129221893,1,0
101.47512690851148,52.24056824545973,3.945953289089932,1218.9953190841509,0,0
12.654103386592668,204.6033461015753,47.554603748682666,1528.3575535007549,0,0
165.14350531259555,152.50300569342926,54.302458395766315,310.5846537243078,0,0
0.6114472179484653,83.70551059265524,22.77497361032096,35.9202392262301,0,0
175.12634614397408,134.11267858526585,96.40288471655137,1422.083117585915,1,0
2.2059499309250947,210.79691009583397,90.9454610937242,1113.0881034783715,0,0
110.88606145800044,51.77500786487027,72.21432354559059,1277.14257499075,0,0
37.50716251746952,39.60592247910065,53.33866287653626,1529.794674379284,1,0
247.84143039630163,110.13963171723069,86.99691596476849,1465.3271451198889,0,0
3.833068797722747,164.94578429710734,13.065234382346292,1753.7183479981761,1,0
40.35548318666744,143.6683368820512,79.0509794274885,978.5455838262636,0,0
174.17876106280025,159.85654764477755,12.48208139668483,892.0160339716674,0,0
37.0221966590522,57.19624967418865,79.42106625494054,734.0422526006917,1,0
49.63141451905937,170.28381063858632,27.576756825135696,281.33246214782906,1,0
59.49506190583871,12.807096265357146,87.7090581018189,1045.4355927768088,0,0
30.306387783847544,78.63356283442829,94.40420938253979,506.2708443705853,0,0
49.383708650401104,0.5775305516253855,14.879596940511563,1681.4649022764672,0,0
43.89129309028778,39.242919094318786,46.267560506539354,1064.740027001426,1,0
115.71163847413237,45.64345626291861,98.09873781626851,1082.340489246793,0,0
2.3255730871740488,50.44670351886674,48.34074359731466,648.3825814396663,0,0
718.4429700581352,118.89765020311442,86.35475225145451,95.82857800733845,5,1
150.19980029304656,49.19353427114065,58.87315221313199,58.90062804033124,1,0
1342.3917615682913,59.54645855639284,37.53299079196019,773.1633029354323,3,1
30.408763097981,27.121064873197792,28.57835555258702,155.24724964936183,0,0
48.396651436948865,46.72104005506762,20.322309108608728,1107.8888469052138,0,0
16.243670994756506,25.782509753304883,76.17981913776973,1607.8947622867352,0,0
10.420208071803225,7.601308825538721,38.65405068230279,1611.4366253301491,0,0
31.152929940204938,92.49495953184562,51.12754622007512,1203.0988280811919,2,0
21.797676730836667,110.3261475071069,49.23254800011819,386.28686060662613,0,0
1290.5114368723007,96.62437301484182,57.727902923313124,1575.1062203985825,6,1
4.04611422165924,62.26776150169474,86.55771456245522,1617.2344260112916,0,0
887.8358954603689,47.76903447798999,98.07393435834294,359.69613895419667,4,1
214.19327877762692,199.0212721894755,40.758420857381694,1346.0651804457152,0,0
59.893194095639466,73.20580548015936,82.7518922106303,523.6116572430723,0,0
38.403921720604494,65.23543915152494,76.45277946547176,1465.0159297317437,0,0
18.518965077718,2.597655394201447,57.352895145557326,1819.9619294241713,0,0
84.04535837439984,41.74078814107977,95.60471436119332,55.76743372081249,1,0
57.716479182440786,47.83513648988052,20.04745155284028,1637.7953392026598,0,0
8.873682705024418,50.88655141979992,10.92642103096214,1136.6780932839522,0,0
120.91505459995638,86.79110548652706,85.39619669554222,1776.4498973566338,1,0
86.44972556836356,76.27171043528689,43.91498166337483,849.177359968204,0,0
149.5869262516718,93.62513582748197,84.69688542070605,1546.6355853621858,0,0
64.68020020980671,144.7673128786881,89.30902051954149,114.80678112325766,0,0
47.52020097956864,167.65704014851647,6.245759361907144,612.5489873428114,0,0
27.085125329655668,126.62847438313909,88.34647629860606,123.23816485820699,1,0
134.9509180773559,311.27987250042054,44.831905536942216,1780.0258754658246,0,0
100.519619002346,1.8400844582700027,51.04324890042322,1491.16040686383,1,0
2.3136469326561393,21.787991071251295,62.659251109321026,1556.0464963526501,2,0
1880.0600788188553,0.7591618531415689,92.63826067300867,1711.848582135423,5,1
23.617388079163142,104.26329264077516,1.911609442976403,156.2287586824885,1,0
83.18238614980432,228.3082010066477,47.68434683178171,704.33000874432,2,0
218.2137734110084,27.90293442777735,68.77220424305607,130.56763761625987,0,0
8.150475496723985,261.77691662237186,72.27069576982285,385.48661722725217,2,0
45.08620651078679,6.215990193872064,69.2532431537108,419.36317731671437,1,0
23.973684987904807,272.4728923000118,13.443512940812186,856.6515529507835,0,0
175.18542771879814,43.32824793065384,29.93955883716812,490.85739343544407,0,0
92.29566037168173,10.694046139193686,35.87155254170135,185.18406683559624,0,0
91.10950232349286,66.52825488994117,80.4437207679505,306.50374650765247,1,0
31.620778556988675,29.675856307817188,27.875987241455302,269.6306279190139,1,0
26.79174681636745,33.529499259166194,21.070496386720315,1775.892079392032,0,0
15.96944460750306,36.71437871612786,95.74480190380962,1385.949532619296,0,0
2.901348192241811,162.46830199654235,0.88632851134689,1766.196912651681,0,0
100.02130700016552,77.47071381382604,99.78208556819781,803.0866473904251,0,0
83.80587196249614,37.29606957534525,67.68212988573956,508.74411055268564,0,0
408.6222798909041,94.24647609545124,82.84692994491171,1457.0867917095566,0,0
284.74367003721665,125.93117246481013,29.461939634619316,596.0871465070518,0,0
40.5325796320697,31.831174220804602,1.4315277667059978,547.0752736385552,0,0
73.26415451031303,53.36663339591021,73.78695185615301,425.09092978708406,0,0
144.8085841437218,12.997895952140054,83.41445970006758,237.53445628100528,2,0
94.73860073546228,19.985356772213873,74.04761319535191,468.78862329458116,0,0
14.207622229057327,114.29336926261702,14.285028730083859,649.1032212163711,0,0
29.941341369993225,20.020656148364722,75.34279222569691,1230.3654356578122,1,0
6.914817215654432,74.47844997321,76.8922782107641,115.11827220827968,0,0
154.01118932208544,123.45909994396855,65.85405156700548,384.96465794958556,0,0
46.59238512943091,11.303088352047043,76.61159327955862,1476.6591198920178,0,0
12.980186270924184,83.77388725681469,84.59214396777321,268.9855886167979,0,0
55.69147695866251,29.647096009248415,61.360411423745845,625.9847472570793,1,0
1763.2905963096719,329.4862971807926,8.860471396967906,1578.1378734692476,6,1
22.171023114855302,66.07683713268071,48.76278096672109,283.5837675256394,0,0
6.026956069923464,163.9858717435359,7.764933467160507,151.9119881675784,1,0
55.67206417595511,79.90112499936112,40.75430310324308,884.7973030259398,1,0
36.730521209301884,4.4383049279866125,40.71064891256276,552.6131885720504,0,0
73.99035404802575,100.28059835743524,6.600984414024158,1028.6568568185498,1,0
36.71549302117575,302.42005201247326,34.88205339694793,1467.1401202418588,1,0
95.5885055654242,92.03284227538245,11.099809879131485,251.15884239060352,1,0
40.13770595107437,171.03022147077291,80.82352100092221,1060.1951302270159,0,0
41.155729049007356,215.59465301540334,94.76880259644707,923.0479789511118,3,0
104.63793216148858,25.887406583650023,7.231647525793861,263.799705688076,1,0
25.83236569940585,23.831409418015575,95.51152072917014,1139.173237604864,0,0
7.194397769514947,94.41270647095304,52.25765993367452,500.1201221780475,0,0
1.460251071604734,52.93774323335773,29.95656779538739,890.8097970242787,0,0
70.35287263312928,183.1714982168924,7.686207527616351,151.06471948136087,0,0
48.41994835303398,230.28163537128557,50.06242680704178,839.2813203576485,0,0
60.883267389893824,43.60604784235147,79.45155444907486,559.9893657101043,0,0
11.974074674672174,27.032761460844306,70.70864772666981,1501.0233292020864,1,0
7.330627561413933,151.65192957924486,5.022601146397376,104.92919804319973,0,0
0.7325738132834391,32.13161227341658,7.290183536790352,764.5396694510338,0,0
21.584363075753462,172.9428925519035,40.28732826326371,837.1789176157429,1,0
44.56986878324723,55.119330075541015,29.52904940479433,1323.4110831695925,1,0
24.899093378057536,110.12655032053702,23.238432305604782,1048.5005369645448,0,0
28.76597814142156,10.04120172911258,28.10044989087136,1217.9953030421862,0,0
1697.6802575767858,97.77920690653742,80.34827432968846,1418.3378970288031,9,1
21.405130721255585,60.105613796278504,92.92280536318539,1573.6582239525362,0,0
36.076251403616055,88.33601040666048,40.510269452756646,573.5089060217862,0,0
76.54358688598508,18.39399149231579,90.61110021324971,982.353414583759,0,0
25.254006564958985,133.51213047485325,32.1495701247882,1533.3571350731006,2,0
48.65452376765427,198.62942632118776,47.64369863437916,1805.758862880263,0,0
99.15703218421534,24.429032668853935,22.602899781599973,1623.483223343824,0,0
149.3095207687334,10.061021126280096,64.0476042175844,678.5562870268633,0,0
7.954093965741799,2.392245993157399,97.89811151748088,356.98372740681833,1,0
130.58313815210394,102.71426880495873,60.34930960433786,893.6519882296178,1,0
33.87513904977653,93.41849733239181,35.78140841135489,1353.754008148941,1,0
14.936772717569788,79.11954133835657,64.78174459905284,899.4459850540148,1,0
30.729348368534875,26.389666294128883,12.292067846538757,882.3218946841314,1,0
195.68265487902957,49.57826650652052,88.86590802653987,1529.9322880532043,0,0
33.924564633367986,90.2576047539322,50.30839507798363,660.200493018548,3,0
19.93080160502499,68.6701714991916,44.93497420396421,1569.2654868564416,1,0
50.17431369788298,440.51331633813265,58.58647884535192,743.0119569359438,0,0
13.731423385780147,14.669161261532732,62.47838627894025,599.6971847572911,0,0
3.944765248811752,118.79175624204636,7.177580622651303,829.077598028251,1,0
6.898760985620793,51.804960081039944,68.26172212234025,1391.70325262296,0,0
6.850921203350356,55.896532565171576,24.193168031552958,230.82769882392557,0,0
8.237995077833649,126.44228614190529,71.39526325065899,359.2686497505597,1,0
7.473003303375828,117.90725753198146,82.25347943841967,1736.4353620094798,0,0
51.204202553790324,473.938680786437,80.39585075525203,321.0967283435958,0,0
10.037317851724081,13.74181241365831,55.25009674078891,1036.5346279062435,0,0
21.206965789740263,10.99372500406554,52.016989231075115,1057.6695871913746,0,0
113.54870625641789,128.8582765673542,14.287596133941172,894.0750187796465,1,0
32.11905708232968,86.36672504679804,77.53461504031355,1177.0153334041172,1,0
55.06445418261903,32.04265924500261,27.140938044671437,420.203947854856,1,0
9.456425855660825,8.275068734779747,49.669542281794655,1009.0559764247887,0,0
10.677549049754752,8.955087106390794,28.42740929275167,679.8440175703404,1,0
2.086360635878265,224.6118512465589,13.382836299969314,1207.881081563641,0,0
9.252367203279043,21.302903185996403,62.95576968917366,258.5917431126246,1,0
16.327405931557276,39.06329929475808,5.4332034822903825,1042.2804083152046,1,0
9.740590874155398,25.70318300956333,74.86452341262,338.93312821918244,1,0
4.644295393018378,43.849923481042076,31.758679526111667,509.2449471218264,0,0
6.427810674667627,7.195136073162983,0.013469300448532007,399.9266757902158,1,0
30.881467168268955,73.20123220255348,51.11291392372298,334.4961104807224,0,0
11.554610317254829,7.000684637744136,4.6851908527603126,1507.0967756466566,0,0
22.649055775545925,161.1222042159252,27.616955782089946,522.130603413464,0,0
35.00025923571652,26.619730768420602,70.69764874557161,1692.0737781207556,0,0
58.62287170062711,77.65546911485947,6.268962162186586,1770.145982229628,0,0
2.0052865050007713,212.09228164897416,83.93384923560023,1042.9790971652656,1,0
80.32471219130598,105.23320404102641,0.3819922658583108,261.83404774228495,0,0
49.429684518364816,76.13356325747317,24.682386920190226,684.1759959243562,0,0
4.264771518816713,39.2056042484146,74.09040561520715,1456.0636483471424,0,0
103.40673492440453,40.49681012238468,31.627014972930677,671.1206891434565,1,0
126.8346773189464,110.71091505697362,10.189238806601352,159.71940618428667,1,0
3.15114137800817,513.9496674707304,36.02339188004279,1016.5756775330148,1,0
16.20884215643254,108.42337269652312,27.039328638452552,1542.5004331287673,1,0
82.04675916133213,81.59555109679812,84.27119021605549,1452.7697301497483,0,0
68.96786201071542,131.17455241928113,31.334791758514314,320.4246075977643,0,0
10.198981603090024,62.58729279824089,78.89324717760073,1228.1226566883392,0,0
11.744951559076663,6.202684348321755,89.18721448107347,403.1997765066203,1,0
1704.7557674490968,82.6214260143961,43.381741957652956,399.01054302316214,6,1
33.13312823343072,316.1203427295335,90.9943143854392,1595.3069145086577,1,0
48.1500917029276,19.273916294070354,37.73180539631929,456.3961697981798,2,0
23.01562815001756,117.11987584682579,96.40784164901082,481.1631600488524,1,0
31.04455546104588,22.431134374225795,8.928952452557294,2.191784748610388,0,0
68.81144701949212,76.74994260264465,68.70192665032427,1589.1003182449442,0,0
1.8686476160739232,10.16744837023609,49.38140404569287,1446.6929392934617,0,0
14.546831094119861,59.85116578458807,38.76488054556471,1145.2479776053967,2,0
62.474593747801286,141.12566585424565,63.27118787486009,1369.4847534244482,0,0
112.78833771653068,42.70537614854541,70.38570916343312,278.33658698227305,1,0
35.838955610420044,109.33612728760885,0.43632696503090873,836.9822365277375,0,0
37.97647511765344,158.69426429163502,16.69530887471987,641.6241625241763,0,0
5.668066927033169,261.9734692704209,71.30460506343186,172.04838389279809,1,0
29.657162304177543,26.74116877155556,66.63854135782064,887.7020050320215,2,0
38.0303399527645,50.96861329145348,96.60475051286772,1680.429122224967,0,0
13.884640163032666,16.536534532240278,76.1037790250783,74.06783314846673,1,0
15.683730593927192,489.0654962048055,95.0772707731338,532.62470621268,2,0
23.6832492401236,261.73090971585725,70.25405015348069,379.5546676392031,1,0
1.0137680375157256,77.64355987991227,29.805220863944314,435.3794962862301,1,0
19.436238062806787,184.53709920619715,10.536492225085647,1657.9846226279806,0,0
11.877846781181493,73.59669552982862,78.18238633449356,854.7579549233452,0,0
19.837461511599134,97.70648486217308,64.4149221475916,851.5301292022295,1,0
6.378155164239063,9.33489795430218,4.818601239329623,1388.289971838435,1,0
110.60399499715123,140.7601435155739,36.005046590097834,282.79378010498465,1,0
45.019940693977986,13.66373352289071,95.67998154842861,889.7720058784927,1,0
56.83164789465158,174.90887349353392,50.04011457102012,785.2930305568129,0,0
77.83545161888956,152.3389067018665,43.272913601970465,1089.7650995571007,0,0
34.50182109244426,123.3555069093609,45.7699605159294,1824.1932507288,1,0
4.546604725872792,3.6830368051553117,20.88827240051637,1404.4747828056538,0,0
38.51291816474113,36.115404005155014,36.87071708647952,726.7070423037871,3,0
44.19615289356868,30.53201391791275,36.98132559871766,1510.4567673478616,0,0
68.41083244042046,44.6500262019517,5.2355020187472405,312.37205468196385,1,0
28.251732469149104,9.172364057237763,76.75676285179182,56.565763827543265,1,0
6.824233336465611,276.3951300892074,41.6504431903879,373.91383137483405,0,0
16.688109013085196,80.69930187631815,82.21798868164232,621.9106783524096,0,0
22.555741273731172,36.45981219476022,85.03480011198954,932.2993016062372,0,0
51.91123058109308,50.58074311065991,21.199405469865805,1122.9955523471485,0,0
42.28908606007098,59.27636022426302,65.73534821701286,1661.9448281991054,0,0
22.010337982590308,91.7777670220792,47.22818041629817,930.9737134200348,1,0
215.3097886084906,72.50082520454396,88.0156737921485,915.3267757973304,1,0
46.541650423360466,251.81570465176466,21.57406791764541,92.6432499171194,0,0
13.539726437839997,68.70925129207896,67.78132003100443,64.67867204495224,0,0
5.367150231244342,484.82632653602354,60.775212225272256,1006.3157705354627,1,0
8.294414629491294,190.66651133282804,29.53014775718328,800.2377905649804,1,0
14.115342469757048,23.383868383943188,13.660090365117261,1531.6650404440647,1,0
8.758243747714701,266.7799460588854,65.16397604772766,294.0795625144056,0,0
10.32458727272902,12.371277950994294,73.85974581323308,46.54831170149846,1,0
16.780292410772326,170.07295740107259,31.562734376335,820.0467127045496,1,0
9.52012168314435,47.904161866709714,64.48326040223138,434.16088751611767,0,0
113.53757246779577,210.3523768243236,39.51309076115032,91.4966169700395,1,0
4.181785629600008,202.53829191556267,71.32068832826177,1322.667275210075,0,0
37.170617505635136,163.95126583574475,19.92152748940531,204.5456319220194,0,0
26.415277824465118,156.0792693564261,89.02150026361744,1110.5747680141756,1,0
201.93210830079602,36.33818695917868,28.74095964655797,513.6347443044058,1,0
5.941367284870245,8.438132920074946,36.77859877561529,317.45679584756016,2,0
25.36289968712152,51.58049647422997,5.8091952080349785,693.6667778048351,0,0
174.45298320633574,19.058502336665757,11.15122123212764,1462.8370958306675,0,0
100.31220309840774,118.7283150977474,51.58619027123281,716.1786842739406,1,0
84.93315170180897,42.48004262131064,26.75926767279715,1370.4038401609657,1,0
14.913754176675232,371.35903021270826,83.54802257421944,229.88700536165086,0,0
9.369976639324378,102.43551145361242,1.4693388654953843,1410.5350694691042,0,0
55.22797993408918,172.86751754099376,37.90940486719362,433.16638462972713,0,0
132.51925474799776,14.216820876655945,33.73455467690927,1236.565068917304,0,0
40.682521095237114,198.0606543336451,1.9327630917601035,1032.9855560299773,1,0
42.386378072929325,256.0801448616133,12.436839900051023,1695.7599641941176,0,0
16.423751540532542,66.76001405482494,41.36426749186353,707.4762727869728,3,0
73.37368792060443,93.20465498249905,49.28645844474466,121.68530443401937,0,0
10.353899107303542,144.73607343318378,40.42897472548691,35.9396056454853,0,0
19.554390655961633,19.21763084545793,53.093767841209385,1509.1900152143016,1,0
27.707227503491527,69.82925482163945,59.51316749056815,958.1178030944523,0,0
35.42424813223492,50.85998156695678,0.992382112783563,1415.0451505469475,0,0
13.88062917848029,15.826211104526102,46.409515945350385,428.5922944210028,0,0
1906.221758598657,45.812948245673155,96.34992408875883,630.4327518161383,5,1
47.159982871467825,7.060736270411021,51.90322801295487,55.90946291344574,0,0
17.02816842182709,2.6150879968812646,67.75422674589532,1754.7620000231805,0,0
43.522653414622184,14.521803232856358,31.18638579168832,1219.1910618222837,1,0
8.38323763853399,329.99533399771076,77.39913781527625,1703.1660800729746,2,0
32.80606890142638,79.74627665581228,77.2921481876115,485.2654471506279,0,0
38.02736240645389,337.6177831884106,52.129604765413895,1116.3096268756053,0,0
2.6607325728560665,56.65107910082499,97.60138232792136,1238.5839421657713,1,0
20.51918006902116,37.369922833070405,12.555021476265338,580.2106532698413,0,0
7.21746634159658,70.55069747772997,1.6947664889580993,1547.9512446685092,0,0
3.2736129386262443,57.894689062654834,77.0158211757096,1728.6225083300521,0,0
230.0600655697662,11.167450059839194,80.71555373648826,1614.9757346775118,0,0
19.456501125971013,102.39492043974927,12.020722912057625,1349.0581641134156,0,0
83.00353068849493,24.339496199833064,26.55828329586061,507.09557581831615,0,0
14.69444171467007,96.65002845057637,1.755236336662891,514.6676608006723,1,0
57.20706755101757,105.03968393246197,29.33086107805647,1758.1692244935732,0,0
71.40331114141043,16.49039515544464,77.31418739186715,19.75892058670226,0,0
45.27232970845699,6.331220895053138,51.79605277125789,1307.0751511936714,1,0
31.892832202263588,151.759549322393,34.80955931682881,1289.1930005007982,0,0
26.537890675268887,61.581662209138635,37.17392949063303,1136.7857226924305,0,0
21.45216508519874,5.992390010381586,0.1353625715468154,1806.958535262443,0,0
132.62780241103906,527.1931976736665,29.98005275652359,569.8680908330348,2,0
88.7803535570899,5.951708142442368,64.64587416379305,621.1086795588847,0,0
167.65881947078458,118.75590135001512,97.41944438163571,144.9854709745173,1,0
6.6364270918052775,411.5298077656953,84.70608269838995,808.6638010557771,0,0
65.62756817302538,27.3358616957147,2.3594964645529126,477.1525118523629,0,0
139.30636326306202,15.344186123358494,89.85606046748393,627.337344772023,1,0
9.997790485039884,12.940840602400936,78.3198413298626,1523.258945426265,0,0
3.4405158736248436,36.13647059411098,78.03761235709804,1707.3237526741523,1,0
67.5696576594311,10.65232035515615,45.79957590035715,339.7771233374586,0,0
42.72135720993349,117.81794699281834,39.80052929545028,680.4562911535218,1,0
92.2038570660739,6.431646379952709,30.29157288331926,1694.8221452984787,1,0
7.52791232070963,71.21712524346368,6.569485895436578,113.73863229714209,0,0
79.3025055515934,571.2879886799935,22.82353634936991,169.46560327515442,0,0
11.258988653351148,168.18487766767154,24.66036349780246,297.93076431216235,0,0
8.9357599482759,95.50820766198737,48.40770697102016,1086.6682094474195,0,0
8.972232827997535,36.564883308698526,74.7444406596694,275.4614223149394,1,0
84.25516412820043,97.78891428190236,47.38098283979466,1766.7713197661378,0,0
54.710681950798445,74.87475558795342,5.784444944716061,815.8072977195411,0,0
37.018797817302215,55.52711613166957,95.77898009882038,915.7687596787035,1,0
22.22307008390341,14.007892586034512,94.27243190941122,450.90531522906144,0,0
104.86013336471662,217.68710598120475,78.51895431484084,860.0315004409539,0,0
24.915637484872246,59.74455297927822,99.13279015642206,1208.330465929909,0,0
84.80413314240349,21.64441820614136,54.448233280026294,1371.1470978041739,0,0
635.6284666874911,45.84851833829352,96.27683502532061,1376.0553828628813,2,1
23.655978290886857,53.4656934620134,7.560504061675077,1055.073389554017,0,0
31.05805299498013,175.75777510905334,36.568074826137135,1650.5522295887956,0,0
17.932263771532103,132.28103228592784,22.538126800676583,1491.9519134863435,1,0
68.83886564684697,146.66583261701916,19.583308413427,1381.8557612102927,0,0
34.9301407847798,1.1092560021533864,14.08029488926761,102.42447154516017,0,0
13.212126549853261,53.81180264409754,62.241364156599666,13.545403088640349,0,0
114.91699247752918,65.65147210381606,78.1321855747305,388.5038336045427,0,0
24.216587117935564,1.93788394664463,57.82983994203607,1211.267035298137,0,0
39.21411910888818,30.08527040218263,14.696270958820968,751.0242197217635,0,0
118.47478043548132,142.8324681714378,81.11237699334708,734.9890169619446,0,0
48.93996519286654,14.746771733388927,63.59547071637285,1614.4864841308154,0,0
6.215730792888988,76.63850452648582,38.81657061269955,1634.506634992474,0,0
140.53083419661044,24.232875607689376,67.4130295536063,1659.3356816337405,0,0
815.1766639103218,1.219483024877762,25.990497924283286,573.5136115634098,9,1
20.39131577756547,27.601896185029933,34.51922084942105,1261.4858024364135,1,0
7.498841030821291,372.4455023142878,91.74858431319902,496.45892264445024,1,0
79.00006978401335,161.71531579615473,29.05045056714204,348.6723355277964,0,0
48.38877537814262,320.83475501912335,46.99882681579366,337.76960220160146,1,0
38.12069290245141,66.91456241111679,89.01411373960147,625.0043004551956,0,0
112.16516652682228,11.62374541951925,70.77213502675275,785.2426984783948,1,0
77.6995006848036,79.39834770016945,6.220322616470275,1516.6512880044447,0,0
8.224566006317044,60.58276310869285,14.730304427897034,219.68135449422687,1,0
18.678127569790025,186.01908873998093,0.7841590771916818,1341.504745648287,0,0
14.283480927441897,10.323231608662383,63.09217902291634,970.3737634812929,0,0
68.11840309342058,66.99017356298462,44.767342541041835,526.2123050410103,0,0
1.7053769928918965,16.257618371792447,13.427485090227552,899.902922187872,1,0
42.18567781930715,39.256259501370444,95.79341210567705,548.0943352732893,0,0
71.87068579298894,133.6959878024791,52.96597239456199,1088.25348635467,0,0
104.6833672192969,64.62981932916178,24.189329411288917,792.3313152879655,0,0
20.933729677254636,47.14258964215926,50.06035711547076,300.8756850398748,1,0
86.09039817705015,50.16615401585782,67.96203327351078,213.64752798959083,0,0
5.862194254938867,61.51621609169232,7.623921797356448,998.1729240995654,0,0
93.68719786058438,153.7194201894464,27.4703815047892,1647.0013727138528,2,0
6.818981526403542,222.64085163237465,80.69654908839937,628.3788202812184,0,0
25.315731560493216,310.85580630222995,45.966487040266124,1337.9921955740647,0,0
581.7639161205793,154.60096304556976,54.65771420322949,1202.398311410135,3,1
8.121089496020808,37.89306256040513,43.28160022094693,1700.1561637004934,1,0
13.019651122237546,116.51839346810205,4.389994264300512,1498.469375553633,1,0
64.05215488224528,57.55474933648939,16.574977982015593,1034.4879922435646,0,0
63.65480859958473,29.39290402489777,44.554163874189086,1199.4236287790118,0,0
51.24221043686954,183.80437261905783,20.918546540792782,1639.6569150492796,0,0
59.20008545438085,3.9184116743756054,4.997902865967873,729.7222630865691,2,0
39.12345505978191,232.03620930403721,84.36496640518237,597.0735434845859,0,0
14.504184962970495,61.89259348392796,98.11925291641158,20.719416550598122,0,0
21.20915968966317,101.39076313345574,79.31428739967394,1508.6291593252308,1,0
10.020063725826592,107.69112357162622,85.3784921704667,1461.9887975357376,0,0
119.54380696618259,225.49168980590207,24.197713031704538,191.52504101467613,1,0
43.780452731829925,101.24428920042712,96.06269755131997,1053.1878631860452,0,0
945.8211707676439,95.1745864110872,19.692570445342838,847.3026174564026,3,1
30.995375316058166,6.897720078190541,95.14298103618323,217.5253902086193,0,0
147.14118684986056,73.06580419892181,99.4819293965951,1789.5564461587599,1,0
8.323477506425034,16.27177737566215,71.17228057460487,392.60529873316034,0,0
44.122230455427704,133.7251919142745,98.1143731791822,123.63514448518353,0,0
35.24972203965886,71.78947323254283,56.95397795671037,1086.001620211483,1,0
47.26721590015364,114.01463466715083,25.954178317609035,1348.6928190906515,0,0
0.9138090203248618,4.256611941635436,43.699588566562085,60.17684559006902,0,0
102.83467612703483,8.860393466847853,59.35609353787859,1202.5009730380884,0,0
134.4994268345626,125.99203799829266,7.308156202701499,971.9003817354529,0,0
41.63577319716988,7.481442963462634,62.234326461724606,189.35537618808831,2,0
1103.390620525313,7.392292686901208,98.11778367622945,315.6835515501644,5,1
127.87346789228131,1.218238000979597,19.010764978372762,1036.985118304531,1,0
61.41987266962591,313.5026486219789,79.25951162883833,541.556287048238,1,0
8.275525456206086,133.7536043015661,90.78987937796194,1712.4878890600005,3,0
42.93510749262801,43.57976357336992,94.37015928202209,1494.3821785789087,0,0
46.66104285170075,35.17379812300988,96.01356044054472,1795.0265846809214,1,0
27.593725196141055,43.032645066688005,52.14596387214719,474.6396102455551,0,0
66.6745151941696,149.01161997316504,97.73079079915037,1769.77590622351,1,0
136.18384428812374,108.28490176285032,75.73102071344388,787.5705784998015,1,0
129.89381065270587,20.480715510999964,16.16714362369619,634.8742826522885,1,0
29.968214815180882,19.12928814550219,47.690010646797,92.83753719210031,0,0
6.008935227589209,10.357949119433949,71.8331175372004,97.24383033591518,0,0
209.45869945603533,107.97004100335128,24.734031581908333,1263.228530846698,0,0
91.28590554092214,144.55037992237158,64.06151835488873,836.2624858476669,0,0
6.65729798585317,30.794794955359027,66.66004790466192,414.1754458898568,2,0
126.8153970481638,2.1167418451615125,16.26997438085659,1120.8818387372244,1,0
101.97119656134316,8.574490745693609,56.50853124527563,462.2132076882028,1,0
36.57756929843246,343.7655002837343,77.16269109786077,1054.6003199242268,1,0
44.73568934145374,35.018856530362534,49.88956645359419,656.1967544964272,1,0
25.458242170450678,146.63040433040203,1.2103116776107425,1503.159261339958,0,0
2.8159074621646893,97.9932505488038,0.9038469079292177,1497.9497972386055,1,0
20.41324431503706,48.11691558293258,35.702934397001215,871.68712617526,1,0
81.19039555330893,23.027801895590354,92.6194068431782,640.8940554270685,1,0
0.23213920331714424,12.941008905710117,22.867677960360876,662.3090689237885,0,0
20.285694829508436,95.45456284794805,63.43636888716871,1470.6232948188294,0,0
25.38890474273391,149.00285583409178,22.207587069332057,599.5993766228443,0,0
38.54415120619409,103.2555633563709,32.16699896595486,382.32429764128716,0,0
978.225984309507,75.56656276864724,84.8042089601484,155.47153558055965,4,1
21.258855544539504,4.285658730910904,72.88614422699469,852.2482524931609,0,0
21.305324297924763,345.7411529753554,9.539927731321063,880.4089484297916,0,0
66.87544758327829,160.302944884436,42.87020209864336,1534.8174877749027,0,0
30.09388867461697,34.647292863764726,2.916976364526447,404.5393823176207,1,0
12.71912368513627,391.05405727172183,48.0890146603009,695.9280831711615,0,0
30.114117528807753,92.100580446948,66.24340117010681,1475.5320677420923,1,0
7.590996096569352,87.32855020448504,11.850262359815156,1503.2894660061277,1,0
9.702725160404837,137.86166282050146,28.888493890916568,702.5306025852732,0,0
34.494402140140885,167.0089533843877,39.783662550215695,838.442218474906,0,0
27.14381081280035,106.85058907480496,91.95310246560497,554.1934649090921,1,0
123.16463676264064,13.707566198038496,99.32550154229641,1701.9800982368251,0,0
22.501729151986414,41.28938923155083,4.491129899561585,217.40622871264247,0,0
43.4451191892636,263.2251506424206,76.1007923495392,1704.1589475546814,1,0
50.0195386258924,25.439638787094392,37.17240664023432,1248.372408147666,0,0
0.6590472412829613,46.548110941267964,39.245818622948,970.5876065005976,2,0
54.46340985179945,56.5769226718731,75.42649733470228,60.570126870920475,2,0
9.80293200996241,57.87565409233329,91.84264321454087,868.4874538833432,0,0
162.29991361362133,94.91744805522319,95.09285945025483,744.7325435249837,0,0
8.047345215509004,286.60353837801955,57.712258603832076,295.0631130426235,2,0
813.9591137513129,27.534872427418644,35.71211593005028,1198.2911167851983,6,1
4.460671882525157,12.954093800495233,78.75490858587793,1772.3792550397534,0,0
288.40408075753794,21.998665189386475,25.100138326230027,1026.4323913816938,0,0
34.877343282911305,217.9703081100552,56.40740288335178,1304.709976233757,0,0
45.24096620444729,103.79240810762278,35.85784615248732,125.85362548041462,1,0
3.4716025414127083,33.67417778790184,65.66310737078761,762.8246003701984,1,0
69.30681276079996,169.25311877747205,24.03989128935069,213.23787694004048,0,0
11.78014191251316,197.59467391996955,19.159294573482576,1118.739604018595,1,0
114.16574284058152,187.41481279810753,91.8239086675437,1712.791456582618,0,0
11.479441408041668,251.23995432742322,10.18036829495369,1208.0825840282687,0,0
10.578521490440792,29.067457241461543,50.595790773493164,141.08876012550488,1,0
1.8617170928836084,140.66682208230554,22.085278296300892,647.911157892791,0,0
31.939289664773195,61.718570785211426,3.892996332566745,1005.4100041001132,0,0
41.602205183809026,184.51510870734518,3.601881829142639,736.4509471870521,0,0
3.3983470089578236,130.37588019347567,17.522177210582733,1521.5666751067142,1,0
74.70012967991862,149.81087538655927,86.67703545060003,1486.9599125910204,0,0
30.191732514681085,106.75841906842092,28.247874397702667,1116.979780668276,0,0
37.15788272962984,19.532019762394587,95.04591705752958,682.1872919220543,0,0
29.059073589379015,78.75170241922046,58.16222929891936,466.7335457441573,1,0
1682.0527243625331,417.7926595016945,43.66141897687661,194.11475642074788,4,1
41.00817285689374,277.07993880074326,58.00888346694546,648.3333746794746,0,0
684.9777366129383,4.413344611758607,51.669838522626776,754.6266713868804,6,1
10.040254310431274,18.010180115075492,75.87762537573252,1233.7010153898302,2,0
98.94746641480701,14.125114015268526,28.249606597285226,1201.483519518774,0,0
146.04558546323426,129.4553854060387,35.30503916003024,128.87724670565268,1,0
23.36510937375693,170.25697806958462,89.40943025332507,721.9529913464318,0,0
15.7865682846333,24.017700835005286,94.64565131504055,332.56465380446815,0,0
51.641163254722855,70.4921613839529,89.25582274864745,287.02637449785357,0,0
26.274478380362314,183.69850704778037,41.94479939573136,1509.9991211207366,1,0
1.2857074366323515,131.97636186471763,78.03655030068816,77.45335529045374,0,0
8.489180164975531,78.1404144953795,47.63357333010988,765.5895656454693,0,0
62.934162992652276,89.24465045700323,49.75398521461022,307.80346811812916,0,0
53.782489115876785,71.0009650068406,20.468010905728395,1604.8983133975366,0,0
1.3734928942220048,35.31788500016205,59.113030325851646,1017.041896213664,1,0
727.1156659041276,83.24598074681555,18.613589775334795,423.0382807513708,1,1
13.13807894754655,116.75936310968125,33.15646990671938,917.4273717914706,0,0
55.72073614139259,206.61140751074524,85.50302016199352,1335.2311200984832,0,0
0.9953690646069703,101.14021548748543,20.707580921085523,1748.6072482690472,0,0
5.4968029300686405,143.1800379585526,7.115828517343282,403.0935117436441,2,0
80.45092136481207,17.443867048912377,6.90075926128163,1617.3955523639256,1,0
9.833885472589268,61.9074518666376,94.07845205031079,1705.1707042415023,1,0
756.2205594593161,0.9375432164456157,50.69204379618346,1672.5510732264888,6,1
13.60243111044976,28.32636673578669,40.941207181701834,1159.9957869161235,0,0
576.8364446064699,129.63136856112857,81.08785810079185,1149.7928736889069,5,1
13.930975820572364,480.4835440886139,83.5825927910516,736.4561949272927,0,0
64.0547406548516,10.444770971109277,33.21910331156046,1373.373737322109,0,0
96.79181687269647,51.331925672141935,69.36180574737952,970.0802894720998,0,0
88.66254999877822,160.97928189017483,77.11228158518865,1236.647041920409,0,0
25.30712447375442,22.820086126156376,65.46506868659546,782.5072166202029,1,0
55.14383892022975,80.98719123476157,15.159507480009937,1335.2495504146857,0,0
11.469670516449039,132.07736825681354,87.5883083517057,1504.8360481106974,0,0
17.34667943062584,95.70748371647657,53.90945527360087,268.0997320435366,0,0
113.32993143154522,20.828540063345006,28.24724263700037,1520.263801207392,0,0
0.6543594198142502,43.91013705229907,42.52281854376939,986.5008739855203,0,0
4.4693569815224565,153.15133748939874,3.757109039890738,1541.6706181805691,0,0
11.65251401199076,80.79443351961764,12.786680122241755,787.6943123660106,0,0
1.3445267612158442,0.5243335834244977,76.55467505158609,692.3698453386559,0,0
10.010150164513638,143.12530668276239,0.0011634755366141114,1670.0707761114136,0,0
43.73843643721833,3.5949877311554204,41.65658284822922,459.13274400828396,2,0
27.35931591839002,136.93734613530438,52.251018108558846,1540.843281321925,0,0
111.59315104109137,22.624906865187217,5.4634420000972295,883.8535242571531,1,0
85.03479515097392,317.1836719559786,97.30781629723329,938.7100872134977,2,0
1955.1753296276484,45.87721412896034,22.612533124967193,563.6461454368189,4,1
15.016312607363927,39.59083443033563,30.419871963628086,1046.2289739290845,1,0
23.876990405426888,16.12116083351189,30.39425122550273,594.1852220078094,0,0
44.61588750716526,36.471318634885726,23.04166621173499,72.62741157677382,0,0
15.603085490763643,209.27356121766388,0.1473822086311416,497.12545614810546,0,0
48.92811227735438,560.8746230709056,72.93447940879963,12.635375173621398,1,0
26.331801963990557,45.93557682687801,96.68454997992853,1785.5191315917066,1,0
40.15336832574222,59.53140605103695,22.429348328504506,1762.5229107112193,0,0
28.646269754555604,128.03893712449096,66.30471918034225,721.7632625894844,0,0
17.439998763116655,217.32756794630143,74.18963269587151,1329.5484383155142,0,0
148.26336105761018,89.90510286786167,84.84253790905247,631.7503235006152,0,0
72.1127251866318,49.68005994559314,42.262919701360914,1225.0739185248203,2,0
7.547724906151043,53.20864431503372,30.293090564042924,1470.1043985158658,0,0
101.42524638596619,118.94722687558443,32.52951340230311,1727.8833903186471,0,0
33.416016483095824,0.3223453352234625,71.26213330985128,730.9871911498018,0,0
112.47697451448717,96.65039188925853,81.6779466505636,1429.735520911831,1,0
80.43572269649502,43.926961172974956,18.161396775660265,486.05349395298464,1,0
27.687830962930366,158.08374881107957,37.09410081577652,1807.3661221196146,0,0
1.136279473877006,9.760250898985603,90.19401967491501,48.003748146176484,1,0
15.645027388824333,88.72229893778368,80.66935196947392,1101.8365430580445,0,0
39.00438778398981,65.57991618936114,98.48584027624759,1203.9389105320206,0,0
50.18486659672682,102.81319964746447,75.42482596820807,1255.995096103211,0,0
14.912733996446944,6.705217851068186,39.319520102792225,220.58694371129835,1,0
7.503720941535777,86.74619670881442,59.06378339946377,1712.87832505499,1,0
90.06935435811958,82.43603206028806,66.10142542473203,331.478300987351,0,0
1754.659606064185,82.2481893100684,7.845581631712395,1136.9022075094701,7,1
37.29472734860435,92.50481327074117,54.44969591038651,407.161168320507,0,0
9.417743183003696,112.8457057823754,70.93208284726096,561.3627446467981,0,0
15.893823586446644,163.46993101159927,16.732130400106037,997.7403801120988,0,0
0.9280943705383004,31.446518612624928,78.06317174255571,761.9607954617875,0,0
122.84442638467785,174.3251688811231,58.37727805141116,293.25149618114744,1,0
6.26405219231015,68.96646162596095,95.22217856975946,312.7879980156273,0,0
42.96203344340779,8.018918746336913,4.24222982068917,763.6960936089465,1,0
16.014066430139646,6.033502607505761,26.5326137555467,1382.2841523745133,1,0
40.39177577034926,40.682350836025485,60.15538792998241,1638.8875158503663,0,0
52.69443169930135,153.66381893970083,29.65599122059307,154.4488559611143,1,0
88.521959621118,122.99093840207843,71.44241640712423,718.0215273883475,1,0
11.560126375226792,155.40739964735977,75.9005282521931,183.84790823052697,0,0
0.5528364815848598,72.82958332151881,10.251596406647446,31.26468467385854,0,0
7.360403534369526,58.017391189790324,51.38544642067677,1207.9748771425768,0,0
115.13857644265909,15.952638422688285,50.889055559105586,1099.867782147056,1,0
103.53006760265613,39.77838153323653,36.92807702155411,298.34686359835246,2,0
45.492215509824625,56.919541721923316,93.29248625696721,427.47460756174894,0,0
45.87918592526734,9.277387160256174,82.75063198732212,44.242942647601524,2,0
54.68671147037563,24.9246221980613,69.72093819096368,1523.9437031865923,0,0
9.641101431927607,91.1863780458761,71.43266357349975,1778.8356471925579,0,0
122.91047803856507,133.0530906909701,46.17161438131191,248.07819511351602,1,0
27.130481717315902,640.5472880634143,92.09945210965759,423.21078990790375,1,0
24.155539966393423,270.47556044043154,69.45954272532853,1584.9789716792077,0,0
36.58584663113405,102.88023098028725,72.89810616558164,1690.869967472081,0,0
2.405233214598861,54.688130994859776,86.16909037873452,766.4003462396221,0,0
1464.2098866292604,101.10887957798545,27.4071589342191,93.33538941879121,5,1
66.97695452119817,154.01526347430928,80.7070903866703,72.85070465570259,0,0
4.321413783592179,12.594446448603403,19.524060295649203,1047.884555709875,0,0
46.21011094925578,52.74715511697289,34.53419522448878,717.6406786211585,0,0
14.075001680022039,183.13465118380304,33.56104542698427,53.26202790164184,0,0
24.65711284625942,48.42371702849132,97.85254683891405,1064.8523635781034,1,0
17.0326095977073,84.83336962100451,85.65372237479268,21.615826738376988,0,0
21.977423886142674,88.61722825317389,70.11698615902597,1437.1664516642738,0,0
63.478199331934334,20.392473795035094,72.70567616153902,559.9334686109497,1,0
17.628576980277543,44.97860945489304,56.20727944025711,74.43059748883935,1,0
41.78217653528511,40.7233604088635,94.70906671085191,1074.1544510732717,1,0
32.317989334513086,2.654595521466961,49.62587528823615,726.3763719258917,1,0
54.48329615463392,2.4489191270530317,38.05177098698945,1777.2119539634407,0,0
138.09608237564845,178.19896121391395,16.3035336931591,993.6183604067528,1,0
65.94526356275215,31.892620643003504,78.6205652261058,503.0362662115031,1,0
12.099780662202365,72.99745937185206,73.44439320755914,1295.01648909237,1,0
1.5839839412128922,35.48559900798931,38.43550385241349,496.2014126379055,0,0
15.208465100279394,282.4796036158523,2.519341395922936,1650.3397635273986,0,0
45.20303259365486,30.015521820059433,83.89973277180107,684.4928742054547,1,0
2.639763904988734,56.15170164185904,1.1417983454073632,1003.9602585037983,0,0
1101.4554900325277,206.1446433115593,70.3699779629051,93.24534137539344,8,1
45.42144199937801,184.47398709821283,97.02571097260571,778.245138024869,1,0
20.341593896905017,20.591951269056196,43.766132814820345,1519.2310963416548,0,0
73.68249795733674,162.2742577248794,23.497340499595275,1470.5034209827356,0,0
5.635945738233899,61.2834146482455,70.48710100433817,410.1570513488319,0,0
3.905525289612351,65.96521975537925,81.71281420155852,413.36822552326635,0,0
65.13237051081964,14.327005689790266,54.64303160778473,1491.7648894769438,0,0
34.20851133315343,8.403564207332337,96.70352752561462,1698.0467183888497,1,0
58.30213278665705,130.1730101451439,5.166872165796111,174.9383204019585,0,0
28.531199956442865,68.609441459685,50.479559830452814,821.9069583134349,0,0
14.144812687926581,57.421050414113125,71.845394732255,616.5166048307536,3,0
85.49118492855979,130.7513601315038,86.2640471149179,1589.1357427543694,0,0
80.3260781980095,145.03546989673853,17.925561190779003,153.34944437635423,0,0
59.32244098545607,17.305443076039946,80.00034817636814,386.09371922586024,0,0
15.882680749401604,94.2186012916847,55.27070757185453,1373.5022477577656,0,0
44.608043986173215,14.543519952787474,39.65536819899632,94.55998054173722,2,0
22.390498778991102,139.18098878273494,13.171502857909356,899.3845344228636,0,0
4.802536730332661,106.9894100615944,86.52957589089124,807.4032312558093,1,0
124.63499217688208,313.7632785960324,15.727320817971535,610.9477504754775,0,0
7.3565224409760015,7.145090750853228,30.978785920909925,720.699903141717,1,0
150.02453265613812,5.874702682483746,29.004553196243688,967.6116305607449,0,0
29.53005063954361,33.15462935948641,87.14140341908544,295.3340617004108,0,0
