timestamp,value,label
2023-01-01 00:00:00,0.4967141530112327,0
2023-01-01 01:00:00,-0.03826596782951801,0
2023-01-01 02:00:00,0.8476752050340233,0
2023-01-01 03:00:00,1.822984858432982,0
2023-01-01 04:00:00,0.16573996714300565,0
2023-01-01 05:00:00,0.2656547357576028,0
2023-01-01 06:00:00,2.1788528803018377,0
2023-01-01 07:00:00,1.4668632025282364,0
2023-01-01 08:00:00,0.3296725537567749,0
2023-01-01 09:00:00,1.4413455355660751,0
2023-01-01 10:00:00,0.5349164736558193,0
2023-01-01 11:00:00,0.6320532548014912,0
2023-01-01 12:00:00,1.4390843444552277,0
2023-01-01 13:00:00,-0.6169388184608493,0
2023-01-01 14:00:00,-0.3294866860706678,0
2023-01-01 15:00:00,0.9320937954950194,0
2023-01-01 16:00:00,0.580350945808036,0
2023-01-01 17:00:00,2.006070823265234,0
2023-01-01 18:00:00,0.8822716587370308,0
2023-01-01 19:00:00,0.4762852484297142,0
2023-01-01 20:00:00,3.452342076872166,0
2023-01-01 21:00:00,1.8588226979744598,0
2023-01-01 22:00:00,2.249824435496617,0
2023-01-01 23:00:00,0.8550270491384273,0
2023-01-02 00:00:00,1.8326435397461633,0
2023-01-02 01:00:00,2.5849621822550954,0
2023-01-02 02:00:00,1.4198119414992483,0
2023-01-02 03:00:00,3.0430123852339834,0
2023-01-02 04:00:00,2.1629177957223327,0
2023-01-02 05:00:00,2.5678285012550788,0
2023-01-02 06:00:00,2.3534954543839985,0
2023-01-02 07:00:00,4.902864548943373,0
2023-01-02 08:00:00,3.1321683814232433,0
2023-01-02 09:00:00,2.1827193549927832,0
2023-01-02 10:00:00,4.157415833511333,0
2023-01-02 11:00:00,2.2081344245834913,0
2023-01-02 12:00:00,3.7316059277556546,0
2023-01-02 13:00:00,1.6564841957698444,0
2023-01-02 14:00:00,2.3810186452313964,0
2023-01-02 15:00:00,3.9987453871007377,0
2023-01-02 16:00:00,4.632650003081916,0
2023-01-02 17:00:00,4.157461561034199,0
2023-01-02 18:00:00,3.961956248207461,0
2023-01-02 19:00:00,3.867604328702819,0
2023-01-02 20:00:00,2.780872660292569,0
2023-01-02 21:00:00,3.6298111327175935,0
2023-01-02 22:00:00,3.9788422986954104,0
2023-01-02 23:00:00,5.585985080009598,0
2023-01-03 00:00:00,4.961410044983289,0
2023-01-03 01:00:00,2.9432187263488463,0
2023-01-03 02:00:00,5.1183393554368255,0
2023-01-03 03:00:00,4.496690188412758,0
2023-01-03 04:00:00,4.291879378131409,0
2023-01-03 05:00:00,5.667009700889337,0
2023-01-03 06:00:00,6.1723594390270815,0
2023-01-03 07:00:00,6.158152408422791,0
2023-01-03 08:00:00,4.472644455986195,0
2023-01-03 09:00:00,5.087108111488477,0
2023-01-03 10:00:00,5.8115027993223,0
2023-01-03 11:00:00,6.5391553562501965,0
2023-01-03 12:00:00,5.167250496105064,0
2023-01-03 13:00:00,5.543015624340995,0
2023-01-03 14:00:00,4.704016631367023,0
2023-01-03 15:00:00,4.695240955342024,0
2023-01-03 16:00:00,6.784480236018119,0
2023-01-03 17:00:00,7.408104085931218,0
2023-01-03 18:00:00,6.059158398154004,0
2023-01-03 19:00:00,7.213392768257622,0
2023-01-03 20:00:00,6.64956626523232,0
2023-01-03 21:00:00,5.720252067614554,0
2023-01-03 22:00:00,6.803572477885324,0
2023-01-03 23:00:00,8.056374276681336,0
2023-01-04 00:00:00,6.55802068060478,0
2023-01-04 01:00:00,8.233340005850986,0
2023-01-04 02:00:00,4.123134012191706,0
2023-01-04 03:00:00,7.638290104608565,0
2023-01-04 04:00:00,6.9762615193436845,0
2023-01-04 05:00:00,6.6623450358077,0
2023-01-04 06:00:00,7.124554968539605,0
2023-01-04 07:00:00,5.115963809575186,0
2023-01-04 08:00:00,6.953889021157716,0
2023-01-04 09:00:00,7.599984315213172,0
2023-01-04 10:00:00,8.789352342010474,0
2023-01-04 11:00:00,6.86104349282598,0
2023-01-04 12:00:00,6.637937596815406,0
2023-01-04 13:00:00,7.011047007818391,0
2023-01-04 14:00:00,8.493827746654844,0
2023-01-04 15:00:00,7.972040479914735,0
2023-01-04 16:00:00,7.177628585222655,0
2023-01-04 17:00:00,8.283984908381594,0
2023-01-04 18:00:00,7.930346645622874,0
2023-01-04 19:00:00,8.863682387432394,0
2023-01-04 20:00:00,7.2539631064863075,0
2023-01-04 21:00:00,7.688537262240003,0
2023-01-04 22:00:00,7.683472850918983,0
2023-01-04 23:00:00,6.670640099761618,0
2023-01-05 00:00:00,8.488035960074559,0
2023-01-05 01:00:00,8.50991240556439,0
2023-01-05 02:00:00,8.310087161562166,0
2023-01-05 03:00:00,8.125672652630058,0
2023-01-05 04:00:00,6.999339106028551,0
2023-01-05 05:00:00,8.047673123414793,0
2023-01-05 06:00:00,8.178365702966861,0
2023-01-05 07:00:00,7.770712622664414,0
2023-01-05 08:00:00,8.462756560767374,0
2023-01-05 09:00:00,9.07828311275471,0
2023-01-05 10:00:00,10.609740724660393,0
2023-01-05 11:00:00,8.946582855578654,0
2023-01-05 12:00:00,9.07712845957224,0
2023-01-05 13:00:00,8.791823228728704,0
2023-01-05 14:00:00,6.993302385315313,0
2023-01-05 15:00:00,8.93047298135126,0
2023-01-05 16:00:00,9.061234631706078,0
2023-01-05 17:00:00,11.507364006273544,0
2023-01-05 18:00:00,8.893973996377708,0
2023-01-05 19:00:00,9.429186744938823,0
2023-01-05 20:00:00,9.133319318012425,0
2023-01-05 21:00:00,8.038827939741825,0
2023-01-05 22:00:00,10.388882938595223,0
2023-01-05 23:00:00,10.03562270517844,0
2023-01-06 00:00:00,10.111422806715309,0
2023-01-06 01:00:00,8.44677256073912,0
2023-01-06 02:00:00,10.793787874126775,0
2023-01-06 03:00:00,8.023036956524694,0
2023-01-06 04:00:00,10.04469708829566,0
2023-01-06 05:00:00,11.680301819365841,0
2023-01-06 06:00:00,8.530367090774469,0
2023-01-06 07:00:00,8.984710826244152,0
2023-01-06 08:00:00,9.67980996797989,0
2023-01-06 09:00:00,9.104874987944527,0
2023-01-06 10:00:00,8.084918423105798,0
2023-01-06 11:00:00,9.730412490933368,0
2023-01-06 12:00:00,8.624847287456546,0
2023-01-06 13:00:00,10.185076209845628,0
2023-01-06 14:00:00,8.81542118271939,0
2023-01-06 15:00:00,11.307167983284131,0
2023-01-06 16:00:00,8.995392732016926,0
2023-01-06 17:00:00,9.477019097780467,0
2023-01-06 18:00:00,10.632052521093266,0
2023-01-06 19:00:00,8.60614383167881,0
2023-01-06 20:00:00,10.08195723448873,0
2023-01-06 21:00:00,11.17814376442093,0
2023-01-06 22:00:00,8.27903439395597,0
2023-01-06 23:00:00,10.085679461904082,0
2023-01-07 00:00:00,10.174466276165287,0
2023-01-07 01:00:00,10.708952782153196,0
2023-01-07 02:00:00,8.701732923238367,0
2023-01-07 03:00:00,8.628786884691532,0
2023-01-07 04:00:00,10.480750010993297,0
2023-01-07 05:00:00,10.26436219366462,0
2023-01-07 06:00:00,10.225442716386421,0
2023-01-07 07:00:00,10.327972934472456,0
2023-01-07 08:00:00,9.307076718177338,0
2023-01-07 09:00:00,10.223933149875762,0
2023-01-07 10:00:00,10.28833077935347,0
2023-01-07 11:00:00,9.283486223867202,0
2023-01-07 12:00:00,11.86519171344442,0
2023-01-07 13:00:00,10.473829750230134,0
2023-01-07 14:00:00,8.808272967784752,0
2023-01-07 15:00:00,10.654709759976738,0
2023-01-07 16:00:00,9.02105436018773,0
2023-01-07 17:00:00,10.779400947956356,0
2023-01-07 18:00:00,11.146493013712643,0
2023-01-07 19:00:00,9.161797425424613,0
2023-01-07 20:00:00,10.939439942436058,0
2023-01-07 21:00:00,10.381431211475688,0
2023-01-07 22:00:00,10.782300059159857,0
2023-01-07 23:00:00,11.84762648075575,0
2023-01-08 00:00:00,9.69504390597789,0
2023-01-08 01:00:00,9.175300346583695,0
2023-01-08 02:00:00,9.027133674899163,0
2023-01-08 03:00:00,9.087457756596141,0
2023-01-08 04:00:00,9.811795950632911,0
2023-01-08 05:00:00,10.214690371823808,0
2023-01-08 06:00:00,10.133882587685555,0
2023-01-08 07:00:00,10.667042717775393,0
2023-01-08 08:00:00,9.834545063254092,0
2023-01-08 09:00:00,11.255778805037771,0
2023-01-08 10:00:00,9.517309234842491,0
2023-01-08 11:00:00,12.480878386414862,0
2023-01-08 12:00:00,10.364143656546958,0
2023-01-08 13:00:00,8.85811200180687,0
2023-01-08 14:00:00,8.62019879074345,0
2023-01-08 15:00:00,10.14841633357616,0
2023-01-08 16:00:00,9.41636717619863,0
2023-01-08 17:00:00,10.32675252384509,0
2023-01-08 18:00:00,10.057950455362686,0
2023-01-08 19:00:00,9.482886255872566,0
2023-01-08 20:00:00,8.678968224647548,0
2023-01-08 21:00:00,7.98000892396044,0
2023-01-08 22:00:00,9.016485924807123,0
2023-01-08 23:00:00,10.286598107223579,0
2023-01-09 00:00:00,9.610548480983454,0
2023-01-09 01:00:00,8.116031744451073,0
2023-01-09 02:00:00,9.499331066073188,0
2023-01-09 03:00:00,9.67491452976753,0
2023-01-09 04:00:00,8.36825777168055,0
2023-01-09 05:00:00,9.367433167859483,0
2023-01-09 06:00:00,9.232588271264099,0
2023-01-09 07:00:00,7.9911633155816295,0
2023-01-09 08:00:00,25.0,1
2023-01-09 09:00:00,25.0,1
2023-01-09 10:00:00,25.0,1
2023-01-09 11:00:00,25.0,1
2023-01-09 12:00:00,25.0,1
2023-01-09 13:00:00,25.0,1
2023-01-09 14:00:00,25.0,1
2023-01-09 15:00:00,25.0,1
2023-01-09 16:00:00,25.0,1
2023-01-09 17:00:00,25.0,1
2023-01-09 18:00:00,9.202984177181904,0
2023-01-09 19:00:00,9.716743936528687,0
2023-01-09 20:00:00,9.483406579021965,0
2023-01-09 21:00:00,9.128169652641496,0
2023-01-09 22:00:00,8.10803507172611,0
2023-01-09 23:00:00,9.127957128478243,0
2023-01-10 00:00:00,7.541009393249259,0
2023-01-10 01:00:00,8.021031324316073,0
2023-01-10 02:00:00,7.715675928384637,0
2023-01-10 03:00:00,8.225283063644282,0
2023-01-10 04:00:00,10.39962260486941,0
2023-01-10 05:00:00,6.1584454698757245,0
2023-01-10 06:00:00,8.651914912735378,0
2023-01-10 07:00:00,6.292086352230396,0
2023-01-10 08:00:00,7.371227385054765,0
2023-01-10 09:00:00,8.869682565846578,0
2023-01-10 10:00:00,7.781806639296723,0
2023-01-10 11:00:00,6.575804747363229,0
2023-01-10 12:00:00,6.873503372549251,0
2023-01-10 13:00:00,8.202903512876384,0
2023-01-10 14:00:00,6.726685490050066,0
2023-01-10 15:00:00,7.606511370176682,0
2023-01-10 16:00:00,7.367886280206328,0
2023-01-10 17:00:00,6.602243527062378,0
2023-01-10 18:00:00,9.328592020016588,0
2023-01-10 19:00:00,7.7486525502264545,0
2023-01-10 20:00:00,5.018965071044155,0
2023-01-10 21:00:00,7.1592316973688055,0
2023-01-10 22:00:00,6.238963370800976,0
2023-01-10 23:00:00,7.680465554102621,0
2023-01-11 00:00:00,5.962111067078809,0
2023-01-11 01:00:00,6.56581949269801,0
2023-01-11 02:00:00,7.110799291772465,0
2023-01-11 03:00:00,7.39616270989277,0
2023-01-11 04:00:00,5.254053576287931,0
2023-01-11 05:00:00,6.043145785504088,0
2023-01-11 06:00:00,5.825360988797966,0
2023-01-11 07:00:00,5.5690063206193345,0
2023-01-11 08:00:00,7.909196818338215,0
2023-01-11 09:00:00,6.469516944744102,0
2023-01-11 10:00:00,4.723837486704519,0
2023-01-11 11:00:00,6.822171128193906,0
2023-01-11 12:00:00,7.945462692253452,0
2023-01-11 13:00:00,6.774186744096873,0
2023-01-11 14:00:00,4.140192338533014,0
2023-01-11 15:00:00,5.092603101047918,0
2023-01-11 16:00:00,6.760465513457889,0
2023-01-11 17:00:00,4.702052738151105,0
2023-01-11 18:00:00,5.769168503702439,0
2023-01-11 19:00:00,6.0150774703020975,0
2023-01-11 20:00:00,4.228083246636559,0
2023-01-11 21:00:00,5.009543166418734,0
2023-01-11 22:00:00,1.7413490840493133,0
2023-01-11 23:00:00,3.8712784269317053,0
2023-01-12 00:00:00,4.555657998493322,0
2023-01-12 01:00:00,3.4725222309339765,0
2023-01-12 02:00:00,6.2643239532350865,0
2023-01-12 03:00:00,3.112915320342432,0
2023-01-12 04:00:00,4.013701958721728,0
2023-01-12 05:00:00,4.494731398887354,0
2023-01-12 06:00:00,5.715072091404414,0
2023-01-12 07:00:00,2.747317255577151,0
2023-01-12 08:00:00,5.2553054488751325,0
2023-01-12 09:00:00,4.010927836943782,0
2023-01-12 10:00:00,2.927339137936571,0
2023-01-12 11:00:00,4.278713394786588,0
2023-01-12 12:00:00,3.9230500898240273,0
2023-01-12 13:00:00,3.0307815948828885,0
2023-01-12 14:00:00,3.60744553800145,0
2023-01-12 15:00:00,3.0586210757221397,0
2023-01-12 16:00:00,3.463398846810299,0
2023-01-12 17:00:00,3.917624019696647,0
2023-01-12 18:00:00,4.74679645831589,0
2023-01-12 19:00:00,1.8279343650083804,0
2023-01-12 20:00:00,5.103446887724591,0
2023-01-12 21:00:00,0.9226923239029421,0
2023-01-12 22:00:00,2.6270741631302847,0
2023-01-12 23:00:00,3.270977715780756,0
2023-01-13 00:00:00,2.867185364346141,0
2023-01-13 01:00:00,1.8667683469109317,0
2023-01-13 02:00:00,2.184371041782549,0
2023-01-13 03:00:00,1.8022785355538091,0
2023-01-13 04:00:00,1.6084713653069578,0
2023-01-13 05:00:00,2.949775089530016,0
2023-01-13 06:00:00,2.3593153331827525,0
2023-01-13 07:00:00,1.2113168783496162,0
2023-01-13 08:00:00,2.7055625543755797,0
2023-01-13 09:00:00,2.0148178103880627,0
2023-01-13 10:00:00,2.421765268513518,0
2023-01-13 11:00:00,2.1397559627870506,0
2023-01-13 12:00:00,0.5822050696765999,0
2023-01-13 13:00:00,0.7519508813048728,0
2023-01-13 14:00:00,1.9602261554295595,0
2023-01-13 15:00:00,1.723982152299965,0
2023-01-13 16:00:00,0.9932782692018705,0
2023-01-13 17:00:00,1.031973805633154,0
2023-01-13 18:00:00,2.092686413391116,0
2023-01-13 19:00:00,0.12374372257260713,0
2023-01-13 20:00:00,1.1626345554691695,0
2023-01-13 21:00:00,0.3135050315514524,0
2023-01-13 22:00:00,0.19812542110568465,0
2023-01-13 23:00:00,1.4146508363517292,0
2023-01-14 00:00:00,1.0413261062489894,0
2023-01-14 01:00:00,0.9294335753622213,0
2023-01-14 02:00:00,1.3214053363191973,0
2023-01-14 03:00:00,-0.06306863203872713,0
2023-01-14 04:00:00,0.49788990196442584,0
2023-01-14 05:00:00,-0.594302015429494,0
2023-01-14 06:00:00,-0.059812692563911696,0
2023-01-14 07:00:00,-0.614027488051826,0
2023-01-14 08:00:00,-0.48674546928308265,0
2023-01-14 09:00:00,-0.08838303577356421,0
2023-01-14 10:00:00,-1.6014910179421253,0
2023-01-14 11:00:00,1.2094649938593842,0
2023-01-14 12:00:00,-1.9885033189507888,0
2023-01-14 13:00:00,-2.296139958088816,0
2023-01-14 14:00:00,-0.023197685418105962,0
2023-01-14 15:00:00,-0.48888494870086086,0
2023-01-14 16:00:00,-0.7555388556601133,0
2023-01-14 17:00:00,-0.8502862287789054,0
2023-01-14 18:00:00,-1.5897037142793968,0
2023-01-14 19:00:00,-2.573378771928015,0
2023-01-14 20:00:00,-1.6988196902148751,0
2023-01-14 21:00:00,-2.550108346941143,0
2023-01-14 22:00:00,-0.9959619959289473,0
2023-01-14 23:00:00,-2.216077098236136,0
2023-01-15 00:00:00,-2.992248000666308,0
2023-01-15 01:00:00,-2.5856510593918247,0
2023-01-15 02:00:00,-1.9486217526933454,0
2023-01-15 03:00:00,-3.022329595650345,0
2023-01-15 04:00:00,-3.3776314158347436,0
2023-01-15 05:00:00,-2.408274247225821,0
2023-01-15 06:00:00,-2.5032801321225175,0
2023-01-15 07:00:00,-3.351200300735755,0
2023-01-15 08:00:00,-3.411021429773999,0
2023-01-15 09:00:00,-2.803365189726657,0
2023-01-15 10:00:00,-4.578627932527026,0
2023-01-15 11:00:00,-4.632822777601345,0
2023-01-15 12:00:00,-4.038296103459777,0
2023-01-15 13:00:00,-3.6274599304800565,0
2023-01-15 14:00:00,-3.1969247112981938,0
2023-01-15 15:00:00,-2.1259447777701297,0
2023-01-15 16:00:00,-2.836749962242752,0
2023-01-15 17:00:00,-3.9470872682534033,0
2023-01-15 18:00:00,-3.898525387319992,0
2023-01-15 19:00:00,-4.974011037497407,0
2023-01-15 20:00:00,-4.081570157436558,0
2023-01-15 21:00:00,-4.442884706632597,0
2023-01-15 22:00:00,-3.9222611344977367,0
2023-01-15 23:00:00,-5.1625397710795,0
2023-01-16 00:00:00,-3.9058579187073525,0
2023-01-16 01:00:00,-2.981918608611654,0
2023-01-16 02:00:00,-4.712419296746841,0
2023-01-16 03:00:00,-4.29048869078833,0
2023-01-16 04:00:00,-4.090128469642316,0
2023-01-16 05:00:00,-5.269086958442831,0
2023-01-16 06:00:00,-4.730881247358032,0
2023-01-16 07:00:00,-5.02899307775432,0
2023-01-16 08:00:00,-5.030016975008405,0
2023-01-16 09:00:00,-5.9862976873995315,0
2023-01-16 10:00:00,-5.273851234825991,0
2023-01-16 11:00:00,-4.884906791654726,0
2023-01-16 12:00:00,-4.01576686289783,0
2023-01-16 13:00:00,-4.591098345909032,0
2023-01-16 14:00:00,-3.480090383492144,0
2023-01-16 15:00:00,-6.482960750311486,0
2023-01-16 16:00:00,-4.925061340566749,0
2023-01-16 17:00:00,-5.695229028046476,0
2023-01-16 18:00:00,-3.769369304859967,0
2023-01-16 19:00:00,-6.8474758154677575,0
2023-01-16 20:00:00,-6.958300751607965,0
2023-01-16 21:00:00,-6.7967610813936545,0
2023-01-16 22:00:00,-8.39943395510274,0
2023-01-16 23:00:00,-6.878835498723517,0
2023-01-17 00:00:00,-7.189120082092787,0
2023-01-17 01:00:00,-6.355857584175466,0
2023-01-17 02:00:00,-6.24010872527189,0
2023-01-17 03:00:00,-4.7806490112453055,0
2023-01-17 04:00:00,-5.780685485249567,0
2023-01-17 05:00:00,-7.381629346749343,0
2023-01-17 06:00:00,-7.776076263188096,0
2023-01-17 07:00:00,-6.457990560658214,0
2023-01-17 08:00:00,-8.341696094328697,0
2023-01-17 09:00:00,-5.260855136159508,0
2023-01-17 10:00:00,-5.983015570518418,0
2023-01-17 11:00:00,-7.7010568929698255,0
2023-01-17 12:00:00,-9.013718137483872,0
2023-01-17 13:00:00,-6.01468354947842,0
2023-01-17 14:00:00,-7.550331234695364,0
2023-01-17 15:00:00,-6.264466970325727,0
2023-01-17 16:00:00,-9.16245261187365,0
2023-01-17 17:00:00,-8.232384850624506,0
2023-01-17 18:00:00,-7.691987707922055,0
2023-01-17 19:00:00,-7.713702677118581,0
2023-01-17 20:00:00,-8.273424543745772,0
2023-01-17 21:00:00,-7.262402611914451,0
2023-01-17 22:00:00,-9.013977926956564,0
2023-01-17 23:00:00,-8.14904730677947,0
2023-01-18 00:00:00,-7.945881854120506,0
2023-01-18 01:00:00,-7.610441704821094,0
2023-01-18 02:00:00,-7.471156232555213,0
2023-01-18 03:00:00,-9.364485503954127,0
2023-01-18 04:00:00,-9.830205906849331,0
2023-01-18 05:00:00,-7.073833635952426,0
2023-01-18 06:00:00,-8.073780023522355,0
2023-01-18 07:00:00,-9.20832354731102,0
2023-01-18 08:00:00,-6.9615820338332215,0
2023-01-18 09:00:00,-8.449105107357154,0
2023-01-18 10:00:00,-7.436671819043579,0
2023-01-18 11:00:00,-8.598778193434333,0
2023-01-18 12:00:00,-6.655009799253895,0
2023-01-18 13:00:00,-7.00900636247481,0
2023-01-18 14:00:00,-9.061024406762327,0
2023-01-18 15:00:00,-7.887321162011672,0
2023-01-18 16:00:00,-8.259462136234736,0
2023-01-18 17:00:00,-7.581262024753486,0
2023-01-18 18:00:00,-9.958977557431881,0
2023-01-18 19:00:00,-8.351263753504615,0
2023-01-18 20:00:00,-8.021248119314468,0
2023-01-18 21:00:00,-10.879861525553917,0
2023-01-18 22:00:00,-10.344917880160324,0
2023-01-18 23:00:00,-11.240512715316337,0
2023-01-19 00:00:00,-9.509388421676437,0
2023-01-19 01:00:00,-8.560216390652792,0
2023-01-19 02:00:00,-7.812250885436398,0
2023-01-19 03:00:00,-9.276430995164715,0
2023-01-19 04:00:00,-7.756893023279786,0
2023-01-19 05:00:00,-10.799654277296902,0
2023-01-19 06:00:00,-11.156037561235788,0
2023-01-19 07:00:00,-9.540359865940877,0
2023-01-19 08:00:00,-9.131955289955854,0
2023-01-19 09:00:00,-9.578972464696257,0
2023-01-19 10:00:00,-11.643022174532588,0
2023-01-19 11:00:00,-9.693044921868223,0
2023-01-19 12:00:00,-10.93577880623802,0
2023-01-19 13:00:00,-8.988058057376351,0
2023-01-19 14:00:00,-9.316587895570224,0
2023-01-19 15:00:00,-10.647553152910238,0
2023-01-19 16:00:00,-10.245056749588432,0
2023-01-19 17:00:00,-10.812946708935616,0
2023-01-19 18:00:00,-9.837980273924142,0
2023-01-19 19:00:00,-8.84074932378243,0
2023-01-19 20:00:00,-10.801228577250697,0
2023-01-19 21:00:00,-9.330085359955264,0
2023-01-19 22:00:00,-10.382035433411035,0
2023-01-19 23:00:00,-10.661311417294709,0
2023-01-20 00:00:00,-9.991142879345864,0
2023-01-20 01:00:00,-10.934040373154414,0
2023-01-20 02:00:00,-10.466143015869852,0
2023-01-20 03:00:00,-11.123076021788481,0
2023-01-20 04:00:00,-7.972184903418255,0
2023-01-20 05:00:00,-9.912364708775026,0
2023-01-20 06:00:00,-10.65707723861504,0
2023-01-20 07:00:00,-9.752099562888633,0
2023-01-20 08:00:00,-10.086138666671761,0
2023-01-20 09:00:00,-10.201513987122018,0
2023-01-20 10:00:00,-9.372113412031563,0
2023-01-20 11:00:00,-9.233509506824543,0
2023-01-20 12:00:00,-10.525256375883368,0
2023-01-20 13:00:00,-10.57331201312462,0
2023-01-20 14:00:00,-10.274284272792652,0
2023-01-20 15:00:00,-12.301892628612766,0
2023-01-20 16:00:00,-11.514901425498797,0
2023-01-20 17:00:00,-8.631575032575519,0
2023-01-20 18:00:00,-8.35122068664057,0
2023-01-20 19:00:00,-10.241963929310158,0
2023-01-20 20:00:00,-9.412111131848375,0
2023-01-20 21:00:00,-9.67215928702534,0
2023-01-20 22:00:00,-6.898271647153696,0
2023-01-20 23:00:00,-8.850322851283117,0
2023-01-21 00:00:00,-10.089563679839173,0
2023-01-21 01:00:00,-10.907938698292053,0
2023-01-21 02:00:00,-11.548601515750285,0
2023-01-21 03:00:00,-9.727454290192131,0
2023-01-21 04:00:00,-10.67503831839343,0
2023-01-21 05:00:00,-11.327719069264807,0
2023-01-21 06:00:00,-10.537825492186226,0
2023-01-21 07:00:00,-10.957598742816549,0
2023-01-21 08:00:00,-8.172719638544137,0
2023-01-21 09:00:00,-8.961046073170966,0
2023-01-21 10:00:00,-9.832498767559942,0
2023-01-21 11:00:00,-8.325439839050663,0
2023-01-21 12:00:00,-9.707892991763767,0
2023-01-21 13:00:00,-10.625444304234762,0
2023-01-21 14:00:00,-8.218958421258435,0
2023-01-21 15:00:00,-9.18012065033355,0
2023-01-21 16:00:00,-10.732253148864546,0
2023-01-21 17:00:00,-9.860352480521268,0
2023-01-21 18:00:00,-10.519671870400062,0
2023-01-21 19:00:00,-10.999928765232271,0
2023-01-21 20:00:00,-20.0,1
2023-01-21 21:00:00,-20.0,1
2023-01-21 22:00:00,-20.0,1
2023-01-21 23:00:00,-20.0,1
2023-01-22 00:00:00,-20.0,1
2023-01-22 01:00:00,-9.922612070123762,0
2023-01-22 02:00:00,-9.994286000225156,0
2023-01-22 03:00:00,-10.231348053920605,0
2023-01-22 04:00:00,-9.283364136628148,0
2023-01-22 05:00:00,-10.126431180516288,0
2023-01-22 06:00:00,-8.987689997497487,0
2023-01-22 07:00:00,-9.270124884931299,0
2023-01-22 08:00:00,-9.419652793559079,0
2023-01-22 09:00:00,-10.048168317120668,0
2023-01-22 10:00:00,-9.676361841185438,0
2023-01-22 11:00:00,-8.30227518886129,0
2023-01-22 12:00:00,-8.513919372039167,0
2023-01-22 13:00:00,-9.948660473294977,0
2023-01-22 14:00:00,-8.82714448885312,0
2023-01-22 15:00:00,-8.129568596455753,0
2023-01-22 16:00:00,-10.503951838322902,0
2023-01-22 17:00:00,-8.243893754901963,0
2023-01-22 18:00:00,-9.40170637823607,0
2023-01-22 19:00:00,-8.119438721726,0
2023-01-22 20:00:00,-9.403382321393261,0
2023-01-22 21:00:00,-10.39422703493044,0
2023-01-22 22:00:00,-10.165250214228596,0
2023-01-22 23:00:00,-8.437131908100664,0
2023-01-23 00:00:00,-8.172154916842684,0
2023-01-23 01:00:00,-9.282011426755387,0
2023-01-23 02:00:00,-7.684081963461638,0
2023-01-23 03:00:00,-9.928341844589323,0
2023-01-23 04:00:00,-8.276222265759788,0
2023-01-23 05:00:00,-9.36365834426209,0
2023-01-23 06:00:00,-8.746162672268353,0
2023-01-23 07:00:00,-7.987802887205144,0
2023-01-23 08:00:00,-8.835686404400995,0
2023-01-23 09:00:00,-8.299102543284485,0
2023-01-23 10:00:00,-6.846736701673366,0
2023-01-23 11:00:00,-8.36761859583718,0
2023-01-23 12:00:00,-6.8919527634947295,0
2023-01-23 13:00:00,-8.793497121415461,0
2023-01-23 14:00:00,-7.069365107400327,0
2023-01-23 15:00:00,-6.092219772619565,0
2023-01-23 16:00:00,-9.939298628805412,0
2023-01-23 17:00:00,-8.19766836035942,0
2023-01-23 18:00:00,-6.756079882776025,0
2023-01-23 19:00:00,-7.467842991977123,0
2023-01-23 20:00:00,-6.824570854833766,0
2023-01-23 21:00:00,-7.7299014715154355,0
2023-01-23 22:00:00,-6.968813468231019,0
2023-01-23 23:00:00,-7.1398619275542154,0
2023-01-24 00:00:00,-5.744485654311463,0
2023-01-24 01:00:00,-6.585238675467792,0
2023-01-24 02:00:00,-6.428764699239366,0
2023-01-24 03:00:00,-7.104275538885088,0
2023-01-24 04:00:00,-7.105366774002869,0
2023-01-24 05:00:00,-6.975018944377535,0
2023-01-24 06:00:00,-6.072054580183537,0
2023-01-24 07:00:00,-6.810890524102501,0
2023-01-24 08:00:00,-6.0228915218268035,0
2023-01-24 09:00:00,-4.159394654141415,0
2023-01-24 10:00:00,-5.285176349069171,0
2023-01-24 11:00:00,-6.403214559407699,0
2023-01-24 12:00:00,-4.796259365776493,0
2023-01-24 13:00:00,-6.325231179331645,0
2023-01-24 14:00:00,-7.874371149207927,0
2023-01-24 15:00:00,-6.762840112869576,0
2023-01-24 16:00:00,-7.543477440315542,0
2023-01-24 17:00:00,-5.941563456843797,0
2023-01-24 18:00:00,-5.488437046786824,0
2023-01-24 19:00:00,-3.7466728859214147,0
2023-01-24 20:00:00,-5.01189529015228,0
2023-01-24 21:00:00,-5.4731017806276565,0
2023-01-24 22:00:00,-4.339248862790798,0
2023-01-24 23:00:00,-7.293926084000468,0
2023-01-25 00:00:00,-4.760804273060459,0
2023-01-25 01:00:00,-4.138682055739051,0
2023-01-25 02:00:00,-6.300770963229157,0
2023-01-25 03:00:00,-3.5905859276124215,0
2023-01-25 04:00:00,-4.307525386643159,0
2023-01-25 05:00:00,-4.972526933048856,0
2023-01-25 06:00:00,-3.8352186579480154,0
2023-01-25 07:00:00,-2.1076223748270726,0
2023-01-25 08:00:00,-4.106325858275463,0
2023-01-25 09:00:00,-3.949419592098261,0
2023-01-25 10:00:00,-4.566029382483653,0
2023-01-25 11:00:00,-4.865130493526938,0
2023-01-25 12:00:00,-3.0931664233702927,0
2023-01-25 13:00:00,-4.687409834721381,0
2023-01-25 14:00:00,-3.667200411082968,0
2023-01-25 15:00:00,-4.12349086100813,0
2023-01-25 16:00:00,-3.0735557741340345,0
2023-01-25 17:00:00,-3.12522042963134,0
2023-01-25 18:00:00,-2.3273436403271432,0
2023-01-25 19:00:00,-3.780564547552153,0
2023-01-25 20:00:00,-3.4457605960137196,0
2023-01-25 21:00:00,-4.059669302606088,0
2023-01-25 22:00:00,-3.4299106850120475,0
2023-01-25 23:00:00,-2.5127302107487592,0
2023-01-26 00:00:00,-2.0371663653439067,0
2023-01-26 01:00:00,-3.620165171192787,0
2023-01-26 02:00:00,-1.731968994199029,0
2023-01-26 03:00:00,-1.1492519674657982,0
2023-01-26 04:00:00,-1.9945193481178913,0
2023-01-26 05:00:00,-0.43398207043585635,0
2023-01-26 06:00:00,-2.9871596378871685,0
2023-01-26 07:00:00,-3.3603963626852673,0
2023-01-26 08:00:00,-3.796621556465568,0
2023-01-26 09:00:00,-0.42381485581036715,0
2023-01-26 10:00:00,-1.1672593863669012,0
2023-01-26 11:00:00,-1.7787934280665576,0
2023-01-26 12:00:00,-1.3446515258317215,0
2023-01-26 13:00:00,-2.651358133783988,0
2023-01-26 14:00:00,1.0187865444342405,0
2023-01-26 15:00:00,-1.1986979065499397,0
2023-01-26 16:00:00,-1.1193451564606074,0
2023-01-26 17:00:00,-0.4036713167359818,0
2023-01-26 18:00:00,-0.5490137556142654,0
2023-01-26 19:00:00,-0.7066210083477578,0
2023-01-26 20:00:00,-1.6213684836202757,0
2023-01-26 21:00:00,-0.2597315778766351,0
2023-01-26 22:00:00,1.2505917740089059,0
2023-01-26 23:00:00,0.8138176789814164,0
2023-01-27 00:00:00,1.1614677745521103,0
2023-01-27 01:00:00,-0.8430078419067533,0
2023-01-27 02:00:00,-1.2214371201823755,0
2023-01-27 03:00:00,-0.25763617143486955,0
2023-01-27 04:00:00,0.023871894357314703,0
2023-01-27 05:00:00,1.1623379192186503,0
2023-01-27 06:00:00,-1.5243256248713222,0
2023-01-27 07:00:00,1.7976651146395373,0
2023-01-27 08:00:00,0.21005587567927977,0
2023-01-27 09:00:00,0.041094877319478806,0
2023-01-27 10:00:00,-0.444263052189387,0
2023-01-27 11:00:00,-0.9872067566502147,0
2023-01-27 12:00:00,1.5905623268871039,0
2023-01-27 13:00:00,0.9403747992884172,0
2023-01-27 14:00:00,-0.3233256834268815,0
2023-01-27 15:00:00,-0.2289618342513895,0
2023-01-27 16:00:00,0.8297073492148083,0
2023-01-27 17:00:00,2.93377213625342,0
2023-01-27 18:00:00,1.1042913480523717,0
2023-01-27 19:00:00,-0.04026455238355675,0
2023-01-27 20:00:00,1.3159847513461747,0
2023-01-27 21:00:00,1.3876974889019018,0
2023-01-27 22:00:00,-0.9379383817967315,0
2023-01-27 23:00:00,1.8030047037619665,0
2023-01-28 00:00:00,1.7245306207967643,0
2023-01-28 01:00:00,2.7496415516589643,0
2023-01-28 02:00:00,4.000155975823501,0
2023-01-28 03:00:00,3.3753144862630946,0
2023-01-28 04:00:00,2.077185468925969,0
2023-01-28 05:00:00,1.336638348043707,0
2023-01-28 06:00:00,5.113369842950092,0
2023-01-28 07:00:00,2.6958202577422723,0
2023-01-28 08:00:00,2.74685924168307,0
2023-01-28 09:00:00,2.8048596979849263,0
2023-01-28 10:00:00,3.122841485066552,0
2023-01-28 11:00:00,2.875875778343381,0
2023-01-28 12:00:00,2.541751628253542,0
2023-01-28 13:00:00,2.6634205999925054,0
2023-01-28 14:00:00,3.272071151837111,0
2023-01-28 15:00:00,2.8556140520513624,0
2023-01-28 16:00:00,2.780067540590184,0
2023-01-28 17:00:00,3.6928687626199004,0
2023-01-28 18:00:00,3.4246278883029913,0
2023-01-28 19:00:00,5.276396707658132,0
2023-01-28 20:00:00,1.2138552868057815,0
2023-01-28 21:00:00,5.04836684395577,0
2023-01-28 22:00:00,5.294584398663613,0
2023-01-28 23:00:00,2.0663433413436305,0
2023-01-29 00:00:00,3.8878663773496194,0
2023-01-29 01:00:00,3.9495104512406805,0
2023-01-29 02:00:00,3.0034048767942023,0
2023-01-29 03:00:00,3.722624050215301,0
2023-01-29 04:00:00,3.478939018311074,0
2023-01-29 05:00:00,6.430400485509457,0
2023-01-29 06:00:00,5.701955804436456,0
2023-01-29 07:00:00,6.125503251717061,0
2023-01-29 08:00:00,5.662805575429317,0
2023-01-29 09:00:00,3.898772985598491,0
2023-01-29 10:00:00,4.5894929576797505,0
2023-01-29 11:00:00,5.689064855270505,0
2023-01-29 12:00:00,4.0627195905373625,0
2023-01-29 13:00:00,6.082474454652498,0
2023-01-29 14:00:00,5.213242308244884,0
2023-01-29 15:00:00,5.162293228550309,0
2023-01-29 16:00:00,6.331066627210921,0
2023-01-29 17:00:00,6.1468005874185,0
2023-01-29 18:00:00,5.423431478062922,0
2023-01-29 19:00:00,7.025009380251712,0
2023-01-29 20:00:00,4.865311619223389,0
2023-01-29 21:00:00,6.642411291163987,0
2023-01-29 22:00:00,6.699075037038174,0
2023-01-29 23:00:00,5.875314842316249,0
2023-01-30 00:00:00,6.589263325458677,0
2023-01-30 01:00:00,5.089659440606511,0
2023-01-30 02:00:00,7.341808677956238,0
2023-01-30 03:00:00,6.309246391246123,0
2023-01-30 04:00:00,6.047142966668851,0
2023-01-30 05:00:00,7.69393569139971,0
2023-01-30 06:00:00,6.014978766285855,0
2023-01-30 07:00:00,5.384585225084589,0
2023-01-30 08:00:00,5.309462113552481,0
2023-01-30 09:00:00,7.544459400643277,0
2023-01-30 10:00:00,5.729684419859698,0
2023-01-30 11:00:00,8.835871271863201,0
2023-01-30 12:00:00,5.069402897709857,0
2023-01-30 13:00:00,8.917328762327223,0
2023-01-30 14:00:00,7.500707868461379,0
2023-01-30 15:00:00,7.261066333644544,0
2023-01-30 16:00:00,6.880213631149068,0
2023-01-30 17:00:00,7.890879597668965,0
2023-01-30 18:00:00,7.519970378145689,0
2023-01-30 19:00:00,8.726012805630633,0
2023-01-30 20:00:00,7.801282150579597,0
2023-01-30 21:00:00,7.900931142638548,0
2023-01-30 22:00:00,7.449816991742644,0
2023-01-30 23:00:00,7.818502066606041,0
2023-01-31 00:00:00,8.244480407383591,0
2023-01-31 01:00:00,6.286947532749356,0
2023-01-31 02:00:00,6.708568085286419,0
2023-01-31 03:00:00,8.858849514764202,0
2023-01-31 04:00:00,8.34447122043967,0
2023-01-31 05:00:00,8.046825453762377,0
2023-01-31 06:00:00,8.305622656963747,0
2023-01-31 07:00:00,8.690321651076902,0
2023-01-31 08:00:00,7.857697220180438,0
2023-01-31 09:00:00,7.673029391169861,0
2023-01-31 10:00:00,8.700211461383326,0
2023-01-31 11:00:00,7.5781750888504025,0
2023-01-31 12:00:00,9.01612663470349,0
2023-01-31 13:00:00,6.955755507060058,0
2023-01-31 14:00:00,9.737094154236555,0
2023-01-31 15:00:00,9.229264618341865,0
2023-01-31 16:00:00,9.060549829844218,0
2023-01-31 17:00:00,9.834183594404896,0
2023-01-31 18:00:00,10.563054427966174,0
2023-01-31 19:00:00,9.957147670982215,0
2023-01-31 20:00:00,7.146206726784625,0
2023-01-31 21:00:00,7.750908642926147,0
2023-01-31 22:00:00,8.44816864247616,0
2023-01-31 23:00:00,9.140672589731446,0
2023-02-01 00:00:00,9.672923428780019,0
2023-02-01 01:00:00,8.46928794513624,0
2023-02-01 02:00:00,9.420646377232266,0
2023-02-01 03:00:00,8.516421154600947,0
2023-02-01 04:00:00,8.69728358547919,0
2023-02-01 05:00:00,7.938206720758237,0
2023-02-01 06:00:00,8.456766521636485,0
2023-02-01 07:00:00,8.062509120111848,0
2023-02-01 08:00:00,8.471573019204204,0
2023-02-01 09:00:00,10.533395878488365,0
2023-02-01 10:00:00,8.561715035239146,0
2023-02-01 11:00:00,12.173904727632538,0
2023-02-01 12:00:00,10.06429515808506,0
2023-02-01 13:00:00,9.784310885558135,0
2023-02-01 14:00:00,8.768654546864488,0
2023-02-01 15:00:00,10.35389707842691,0
2023-02-01 16:00:00,9.10355889407709,0
2023-02-01 17:00:00,9.825848144651111,0
2023-02-01 18:00:00,12.287594102218932,0
2023-02-01 19:00:00,9.654148155319712,0
2023-02-01 20:00:00,10.921204859743906,0
2023-02-01 21:00:00,9.089501401736113,0
2023-02-01 22:00:00,9.777456370146659,0
2023-02-01 23:00:00,11.602031293751697,0
2023-02-02 00:00:00,9.222066282927841,0
2023-02-02 01:00:00,11.678299686185387,0
2023-02-02 02:00:00,10.589434274225479,0
2023-02-02 03:00:00,9.334058613458112,0
2023-02-02 04:00:00,10.54278653469842,0
2023-02-02 05:00:00,10.895795621939204,0
2023-02-02 06:00:00,10.556921195351354,0
2023-02-02 07:00:00,8.375763071221305,0
2023-02-02 08:00:00,9.228732582773679,0
2023-02-02 09:00:00,9.717237511854501,0
2023-02-02 10:00:00,9.898212639802612,0
2023-02-02 11:00:00,10.600210831653609,0
2023-02-02 12:00:00,10.163134454679303,0
2023-02-02 13:00:00,8.654985279654857,0
2023-02-02 14:00:00,10.374424649351242,0
2023-02-02 15:00:00,10.607710289258081,0
2023-02-02 16:00:00,10.558813033410791,0
2023-02-02 17:00:00,11.08070145861381,0
2023-02-02 18:00:00,10.833741051447461,0
2023-02-02 19:00:00,10.457897166409827,0
2023-02-02 20:00:00,9.926449702629094,0
2023-02-02 21:00:00,8.33255315426718,0
2023-02-02 22:00:00,10.419031637530306,0
2023-02-02 23:00:00,10.192001503158025,0
2023-02-03 00:00:00,10.249794627726118,0
2023-02-03 01:00:00,8.69437137598236,0
2023-02-03 02:00:00,8.881970468980395,0
2023-02-03 03:00:00,11.007090625909102,0
2023-02-03 04:00:00,9.904297996424749,0
2023-02-03 05:00:00,10.614274848330723,0
2023-02-03 06:00:00,9.94902025862744,0
2023-02-03 07:00:00,9.93739369161058,0
2023-02-03 08:00:00,50.0,1
2023-02-03 09:00:00,9.362493302133426,0
2023-02-03 10:00:00,9.95862652583782,0
2023-02-03 11:00:00,9.383211936381668,0
2023-02-03 12:00:00,9.392987933326307,0
2023-02-03 13:00:00,9.499326232735354,0
2023-02-03 14:00:00,10.010665481621187,0
2023-02-03 15:00:00,9.288837597093558,0
2023-02-03 16:00:00,11.001420102617871,0
2023-02-03 17:00:00,8.828159874835817,0
2023-02-03 18:00:00,9.512026464289503,0
2023-02-03 19:00:00,9.234328099843774,0
2023-02-03 20:00:00,11.095230694284645,0
2023-02-03 21:00:00,9.818036421014638,0
2023-02-03 22:00:00,10.625592878397276,0
2023-02-03 23:00:00,8.07949529347812,0
2023-02-04 00:00:00,9.802456762375002,0
2023-02-04 01:00:00,10.394434589416326,0
2023-02-04 02:00:00,9.555534607896725,0
2023-02-04 03:00:00,10.506230501347549,0
2023-02-04 04:00:00,8.89001711669736,0
2023-02-04 05:00:00,10.782267724781555,0
2023-02-04 06:00:00,11.636495841795757,0
2023-02-04 07:00:00,8.938502839326867,0
2023-02-04 08:00:00,8.81865243356689,0
2023-02-04 09:00:00,10.679426579511103,0
2023-02-04 10:00:00,10.76657879902796,0
2023-02-04 11:00:00,8.624192484038307,0
2023-02-04 12:00:00,8.685996854361447,0
2023-02-04 13:00:00,8.78261961208384,0
2023-02-04 14:00:00,7.677267826528655,0
2023-02-04 15:00:00,8.059478343381647,0
2023-02-04 16:00:00,7.929503669869453,0
2023-02-04 17:00:00,8.120467661274082,0
2023-02-04 18:00:00,8.807312309632346,0
2023-02-04 19:00:00,9.02905970784517,0
2023-02-04 20:00:00,10.297313769243729,0
2023-02-04 21:00:00,7.699552862773208,0
2023-02-04 22:00:00,9.632453145628803,0
2023-02-04 23:00:00,8.383500940698973,0
2023-02-05 00:00:00,8.496525371230373,0
2023-02-05 01:00:00,9.168453277221277,0
2023-02-05 02:00:00,7.317707111363742,0
2023-02-05 03:00:00,8.768790191101834,0
2023-02-05 04:00:00,8.497945334066715,0
2023-02-05 05:00:00,8.76822392842799,0
2023-02-05 06:00:00,8.50839327652384,0
2023-02-05 07:00:00,10.617154825109179,0
2023-02-05 08:00:00,7.4659285748622315,0
2023-02-05 09:00:00,7.5136751179241195,0
2023-02-05 10:00:00,7.361730599810138,0
2023-02-05 11:00:00,7.368794579925028,0
2023-02-05 12:00:00,7.225492724062774,0
2023-02-05 13:00:00,8.989718253328094,0
2023-02-05 14:00:00,9.15824777738999,0
2023-02-05 15:00:00,7.103265274925397,0
2023-02-05 16:00:00,6.777156640083515,0
2023-02-05 17:00:00,8.015667469206939,0
2023-02-05 18:00:00,6.926014149267926,0
2023-02-05 19:00:00,8.044406474545262,0
2023-02-05 20:00:00,7.546893999592433,0
2023-02-05 21:00:00,5.759988794717366,0
2023-02-05 22:00:00,8.754272474790243,0
2023-02-05 23:00:00,8.932958639579546,0
2023-02-06 00:00:00,6.453892266874393,0
2023-02-06 01:00:00,6.6078727260906955,0
2023-02-06 02:00:00,7.209633453820509,0
2023-02-06 03:00:00,7.185726259115031,0
2023-02-06 04:00:00,7.436630026595696,0
2023-02-06 05:00:00,8.71442877455707,0
2023-02-06 06:00:00,6.452745073327784,0
2023-02-06 07:00:00,5.75620015760912,0
2023-02-06 08:00:00,5.0993278311806485,0
2023-02-06 09:00:00,5.671218816993793,0
2023-02-06 10:00:00,6.291883472251866,0
2023-02-06 11:00:00,8.041797401059712,0
2023-02-06 12:00:00,5.651232612174276,0
2023-02-06 13:00:00,6.3136193572674335,0
2023-02-06 14:00:00,5.993787025908151,0
2023-02-06 15:00:00,7.11838069579765,0
2023-02-06 16:00:00,8.376104354791238,0
2023-02-06 17:00:00,5.236902750246764,0
2023-02-06 18:00:00,5.196354902552474,0
2023-02-06 19:00:00,6.64740946934702,0
2023-02-06 20:00:00,6.202034008921641,0
2023-02-06 21:00:00,7.283191762396918,0
2023-02-06 22:00:00,5.9362108954391255,0
2023-02-06 23:00:00,4.908253668967589,0
2023-02-07 00:00:00,5.772936889902061,0
2023-02-07 01:00:00,6.205203715360412,0
2023-02-07 02:00:00,5.83069074577621,0
2023-02-07 03:00:00,5.43069000880619,0
2023-02-07 04:00:00,5.902805742913153,0
2023-02-07 05:00:00,5.917658110319544,0
2023-02-07 06:00:00,6.042278145166239,0
2023-02-07 07:00:00,5.2201196679412005,0
2023-02-07 08:00:00,4.315125189088995,0
2023-02-07 09:00:00,4.539342224301729,0
2023-02-07 10:00:00,5.509083513646043,0
2023-02-07 11:00:00,3.395154631550486,0
2023-02-07 12:00:00,4.489858161290467,0
2023-02-07 13:00:00,3.6365284749191167,0
2023-02-07 14:00:00,3.966891561639694,0
2023-02-07 15:00:00,5.1244842413784815,0
2023-02-07 16:00:00,3.944632486824531,0
2023-02-07 17:00:00,3.7070956567802593,0
2023-02-07 18:00:00,2.207562594603367,0
2023-02-07 19:00:00,4.220075189668963,0
2023-02-07 20:00:00,4.025361313573751,0
2023-02-07 21:00:00,5.448849379632382,0
2023-02-07 22:00:00,2.8832053885405204,0
2023-02-07 23:00:00,3.315203822620854,0
2023-02-08 00:00:00,3.2501974473616047,0
2023-02-08 01:00:00,4.482727233232547,0
2023-02-08 02:00:00,2.7141480859260656,0
2023-02-08 03:00:00,2.992353866906667,0
2023-02-08 04:00:00,3.2248462427031654,0
2023-02-08 05:00:00,2.7069145552007683,0
2023-02-08 06:00:00,1.9769754881087096,0
2023-02-08 07:00:00,2.5203604272816076,0
2023-02-08 08:00:00,3.302530890862249,0
2023-02-08 09:00:00,1.1047896601538847,0
2023-02-08 10:00:00,2.166467323554432,0
2023-02-08 11:00:00,1.2353661762406287,0
2023-02-08 12:00:00,3.0323294147906728,0
2023-02-08 13:00:00,0.2157079490205609,0
2023-02-08 14:00:00,1.0814111864349467,0
2023-02-08 15:00:00,1.918819056736824,0
2023-02-08 16:00:00,3.008251199438913,0
2023-02-08 17:00:00,1.2779526261491025,0
2023-02-08 18:00:00,0.6893447083774187,0
2023-02-08 19:00:00,3.026418198973361,0
2023-02-08 20:00:00,-0.40215040157989135,0
2023-02-08 21:00:00,-1.2524446739584814,0
2023-02-08 22:00:00,1.2867788812005467,0
2023-02-08 23:00:00,0.24502867954273655,0
2023-02-09 00:00:00,-0.3739061481550543,0
2023-02-09 01:00:00,1.255862149227863,0
2023-02-09 02:00:00,0.6914306985386016,0
2023-02-09 03:00:00,-0.21636912575586753,0
2023-02-09 04:00:00,-1.0325501441373168,0
2023-02-09 05:00:00,1.020231557147447,0
2023-02-09 06:00:00,0.6979806038599461,0
2023-02-09 07:00:00,-0.15139601874688913,0
2023-02-09 08:00:00,1.6944224821833485,0
2023-02-09 09:00:00,-1.3222784177627398,0
2023-02-09 10:00:00,-1.8776727407786307,0
2023-02-09 11:00:00,-1.143974343688893,0
2023-02-09 12:00:00,-0.597525787866243,0
2023-02-09 13:00:00,-0.4084186263739472,0
2023-02-09 14:00:00,-0.9927472624744228,0
2023-02-09 15:00:00,-0.49913378653104584,0
2023-02-09 16:00:00,-2.2023214674540537,0
2023-02-09 17:00:00,0.39348477800339343,0
2023-02-09 18:00:00,-1.2318237601613142,0
2023-02-09 19:00:00,-0.13165453957939555,0
2023-02-09 20:00:00,-1.005377920192251,0
2023-02-09 21:00:00,-0.9903681336153614,0
2023-02-09 22:00:00,-0.9762274478067855,0
2023-02-09 23:00:00,-1.1970049451070393,0
2023-02-10 00:00:00,-1.1005450523622526,0
2023-02-10 01:00:00,-0.5124952638743028,0
2023-02-10 02:00:00,-1.743322442837502,0
2023-02-10 03:00:00,-1.3288416907379927,0
2023-02-10 04:00:00,-2.2253791955546136,0
2023-02-10 05:00:00,-0.793110776188366,0
2023-02-10 06:00:00,-3.0069814631294136,0
2023-02-10 07:00:00,-0.6267768406176779,0
2023-02-10 08:00:00,-2.5647605669269242,0
2023-02-10 09:00:00,-4.052010602996917,0
2023-02-10 10:00:00,-2.5895018491986352,0
2023-02-10 11:00:00,-3.4947569264531313,0
2023-02-10 12:00:00,-2.0688793566761836,0
2023-02-10 13:00:00,-3.6576735717879845,0
2023-02-10 14:00:00,-3.54645921006601,0
2023-02-10 15:00:00,-5.084732667168268,0
2023-02-10 16:00:00,-3.742094898312348,0
2023-02-10 17:00:00,-5.807935572416338,0
2023-02-10 18:00:00,-5.061888333192673,0
2023-02-10 19:00:00,-2.811152321829562,0
2023-02-10 20:00:00,-2.8789911338684515,0
2023-02-10 21:00:00,-3.3321915692044577,0
2023-02-10 22:00:00,-4.8171073508070394,0
2023-02-10 23:00:00,-3.9899396305958743,0
2023-02-11 00:00:00,-4.037533660778265,0
2023-02-11 01:00:00,-5.28359526836347,0
2023-02-11 02:00:00,-2.7127192152667714,0
2023-02-11 03:00:00,-3.4292205560829614,0
2023-02-11 04:00:00,-4.617581695417164,0
2023-02-11 05:00:00,-4.459326699433499,0
2023-02-11 06:00:00,-4.366976129805661,0
2023-02-11 07:00:00,-6.7057826734217,0
2023-02-11 08:00:00,-4.999447653868396,0
2023-02-11 09:00:00,-5.5220017626290625,0
2023-02-11 10:00:00,-5.928900770091518,0
2023-02-11 11:00:00,-5.295151574677928,0
2023-02-11 12:00:00,-3.302633875588021,0
2023-02-11 13:00:00,-4.5452366340260975,0
2023-02-11 14:00:00,-5.842498974303657,0
2023-02-11 15:00:00,-4.7834505647867545,0
